Հաշվետվության ձևավորման ամսաթիվը / 2025-12-07,Հաշվետվության ձևավորման ամսաթիվը / 2025-12-07,Հաշվետվության ձևավորման ամսաթիվը / 2025-12-07,Հաշվետվության ձևավորման ամսաթիվը / 2025-12-07
Օգտագործված են հետևյալ ֆիլտրերը,Օգտագործված են հետևյալ ֆիլտրերը,Օգտագործված են հետևյալ ֆիլտրերը,Օգտագործված են հետևյալ ֆիլտրերը
Աշակերտներ / Սեռ  / Արական,Աշակերտներ / Սեռ  / Արական,Աշակերտներ / Սեռ  / Արական,Աշակերտներ / Սեռ  / Արական
Աշակերտներ / Դպրոց ընդունվելու տարեթիվ-սկիզբ / 2025  /,Աշակերտներ / Դպրոց ընդունվելու տարեթիվ-սկիզբ / 2025  /,Աշակերտներ / Դպրոց ընդունվելու տարեթիվ-սկիզբ / 2025  /,Աշակերտներ / Դպրոց ընդունվելու տարեթիվ-սկիզբ / 2025  /
Մարզ,Շրջան/համայնք,Դպրոց,Աշակերտներ
Ընդամենը,Ընդամենը,Ընդամենը,18763
Արմավիր,Վաղարշապատ / Ակնաշեն,Ակնաշենի մ/դ,12
Տավուշ,Իջևան / Խաշթառակ,Խաշթառակի մ/դ ՊՈԱԿ,9
Տավուշ,Իջևան / Կայանավան,Հ․Հինդլյանի անվ․ Կայանի մ/դ,5
Արագածոտն,Ապարան / Ձորագլուխ,Ձորագլխի Յու. Հովհաննիսյանի անվան միջնակարգ դպրոց,1
Շիրակ,Արթիկ / Մեծ Մանթաշ,Մեծ Մանթաշի մ/դ,7
Արագածոտն,Թալին / Շղարշիկ,Շղարշիկի Ա.Մինասյանի անվ. մ/դ,4
Լոռի,Տաշիր / Պետրովկայի,Պետրովկայի հմ/դ,2
Տավուշ,Նոյեմբերյան / Պտղավան,Պտղավանի մ/դ,3
Կոտայք,Աբովյան / Աբովյան,"""Աբովյանի կրթահամալիր"" ՊՈԱԿ",25
Երևան,Երևան / Մալաթիա,"""Դրիմ Բրիջմեն Ինթերնեյշնլ Սքուլ"" ՍՊԸ",9
Երևան,Երևան / Կենտրոն,"""Հայաստանի ազգային պոլիտեխնիկական համալսարան"" հիմնադրամի ԳՏՃՄ հմ/դ",29
Երևան,Երևան / Կենտրոն,«ԱրտՍՏԵՄ» վարժարան,7
Երևան,Երևան / Ավան,«Գազպրոմ Արմենիա» ՓԲԸ «Ուսումնա-սպորտային համալիր» հիմնարկի դպրոց,44
Գեղարքունիք,Սևան / Ծաղկունք,«Ծաղկունք բաց դպրոց» հիմնադրամ,4
Երևան,Երևան / Կենտրոն,«Կրթություն ԿՈՌՈՒ» ՍՊԸ,3
Երևան,Երևան / Նոր Նորք,«Շիրակացու ճեմարան» միջազգային գիտակրթական համալիր,39
Լոռի,Վանաձոր / Վանաձոր,«Քարհանյան դպրոց» ՍՊԸ,3
Կոտայք,Աբովյան / Աբովյան,Աբովյանի Արթուր Վանոյանի անվան թիվ 6 հմ/դ,22
Արագածոտն,Արագած / Ավշեն,Ավշենի Մաքսիմ Խամոյանի անվան հիմնական դպրոց,1
Շիրակ,Գյումրի / Գյումրի,Արարատ կրթահամալիր,15
Արմավիր,Արմավիր / Արտաշար,Արտաշարի մ/դ,8
Երևան,Երևան / Էրեբունի,Ա․ Իսահակյանի անվան 16 ավագ,1
Լոռի,Գուգարք / Բազում,Բազումի Մարշալ Բաղրամյանի անվ. հմ/դ,1
Լոռի,Ալավերդի / Մեծ Այրում,գ Մեծ Այրումի մ/դ,6
Արարատ,Արտաշատ / Աբովյան,գ. Աբովյանի մ/դ,11
Վայոց Ձոր,Եղեգնաձոր / Ագարակաձոր,գ. Ագարակաձորի Յու. Խաչատրյանի անվան մ/դ,9
Արագածոտն,Թալին / Ագարակավան,գ. Ագարակավանի մ/դ,4
Արագածոտն,Աշտարակ / Ագարակ,գ. Ագարակի Տ.Թերլեմեզյանի անվ. մ/դ,14
Լոռի,Ստեփանավան / Ագարակ,գ. Ագարակի մ/դ,4
Տավուշ,Իջևան / Ազատամուտ,գ. Ազատամուտի մ/դ,10
Շիրակ,Ախուրյան / Ազատան,գ. Ազատանի մ/դ,29
Արարատ,Մասիս / Ազատաշեն,գ. Ազատաշենի հմ/դ,2
Արարատ,Արտաշատ / Ազատավան,գ. Ազատավանի մ/դ,26
Վայոց Ձոր,Վայք / Ազատեկ,գ. Ազատեկի մ/դ,7
Գեղարքունիք,Վարդենիս / Ազատ,գ. Ազատի հմ/դ,1
Լոռի,Գուգարք / Ազնվաձոր,գ. Ազնվաձորի մ/դ,2
Արագածոտն,Ալագյազ / Ալագյազ,գ. Ալագյազի մ/դ,7
Կոտայք,Հրազդան / Ալափարս,գ. Ալափարսի մ/դ,18
Սյունիք,Մեղրի / Ալվանք,գ. Ալվանքի մ/դ,2
Շիրակ,Ամասիա / Ալվար,գ. Ալվարի մ/դ,1
Սյունիք,Սիսիան / Ախլաթյան,գ. Ախլաթյանի մ/դ,3
Շիրակ,Ախուրյան / Ախուրիկ,գ. Ախուրիկի մ/դ,4
Շիրակ,Ախուրյան / Ախուրյան,գ. Ախուրյանի թիվ 1 հմ/դ,22
Շիրակ,Ախուրյան / Ախուրյան,գ. Ախուրյանի թիվ 2 հմ/դ,20
Գեղարքունիք,Վարդենիս / Ախպրաձոր,գ. Ախպրաձորի մ/դ,3
Արմավիր,Վաղարշապատ / Ակնալիճ,գ. Ակնալճի Ա.Հարությունյանի անվ. մ/դ,17
Տավուշ,Իջևան / Ակնաղբյուր,գ. Ակնաղբյուրի հմ/դ,3
Սյունիք,Գորիս / Ակներ,գ. Ակների Գ․Խաչատրյանի անվ․ մ/դ,5
Արագածոտն,Թալին / Ակունք,գ. Ակունքի մ/դ,3
Գեղարքունիք,Վարդենիս / Ակունք,գ. Ակունքի մ/դ,18
Կոտայք,Աբովյան / Ակունք,գ. Ակունքի մ/դ,16
Վայոց Ձոր,Եղեգնաձոր / Աղավնաձոր,գ. Աղավնաձորի Գ. Գրիգորյանի անվան մ/դ,8
Կոտայք,Հրազդան / Աղավնաձոր,գ. Աղավնաձորի Զ.Դանիելյանի անվ. մ/դ,8
Տավուշ,Դիլիջան / Աղավնավանք,գ. Աղավնավանքի մ/դ,1
Արմավիր,Վաղարշապատ / Աղավնատուն,գ. Աղավնատան Ղ.Աբգարյանի անվ. մ/դ,25
Գեղարքունիք,Ճամբարակ / Աղբերք,գ. Աղբերքի մ/դ,4
Շիրակ,Անի / Աղին,գ. Աղինի մ/դ,2
Արագածոտն,Աշտարակ / Աղձք,գ. Աղձքի մ/դ,8
Վայոց Ձոր,Եղեգնաձոր / Աղնջաձոր,գ. Աղնջաձորի մ/դ,4
Շիրակ,Ամասիա / Աղվորիկ,գ. Աղվորիկի հմ/դ,1
Սյունիք,Կապան / Աճանան,գ. Աճանանի մ/դ,2
Շիրակ,Ամասիա / Ամասիա,գ. Ամասիայի մ/դ,9
Արմավիր,Վաղարշապատ / Ամբերդ,գ. Ամբերդի Հ.Նավասարդյանի անվ. մ/դ,8
Լոռի,Գյուլագարակ / Ամրակից,գ. Ամրակիցի մ/դ,4
Շիրակ,Ախուրյան / Այգաբաց,գ. Այգաբացի մ/դ,5
Արարատ,Արարատ / Այգավան,գ. Այգավանի մ/դ,25
Արարատ,Արտաշատ / Այգեզարդ,գ. Այգեզարդի Ա.Ղարիբյանի անվ. մ/դ,24
Արմավիր,Վաղարշապատ / Այգեկ,գ. Այգեկի Մուշեղ Մովսիսյանի անվ. մ/դ,8
Տավուշ,Իջևան / Այգեհովիտ,գ. Այգեհովիտի մ/դ,20
Տավուշ,Տավուշ / Այգեձոր,գ. Այգեձորի մ/դ,6
Արմավիր,Վաղարշապատ / Այգեշատ,գ. Այգեշատի մ/դ,11
Արմավիր,Արմավիր / Այգեշատ,գ. Այգեշատի Յու.Հովհաննիսյանի անվ. մ/դ,10
Արարատ,Արտաշատ / Այգեպատ,գ. Այգեպատի մ/դ,4
Արարատ,Արտաշատ / Այգեստան,գ. Այգեստանի մ/դ,15
Արմավիր,Արմավիր / Այգևան,գ. Այգեվանի Մ.Խորենացու անվ. մ/դ,10
Գեղարքունիք,Ճամբարակ / Այգուտ,գ. Այգուտի մ/դ,2
Արարատ,Մասիս / Այնթապ,գ. Այնթապի Բյուզանդ Մարգարյանի անվ. թիվ 2 մ/դ,69
Արարատ,Մասիս / Այնթապ,գ. Այնթապի թիվ 1 մ/դ,33
Տավուշ,Նոյեմբերյան / Այրում,գ. Այրումի Հ.Մալինյանի անվ. մ/դ,15
Սյունիք,Սիսիան / Անգեղակոթ,գ. Անգեղակոթի մ/դ,3
Շիրակ,Անի / Անիպեմզա,գ. Անիպեմզայի մ/դ,2
Շիրակ,Արթիկ / Անուշավան,գ. Անուշավանի մ/դ,11
Գեղարքունիք,Ճամբարակ / Անտառամեջ,գ. Անտառամեջի մ/դ,3
Լոռի,Գուգարք / Անտառամուտ,գ. Անտառամուտի հմ/դ,2
Արագածոտն,Աշտարակ / Անտառուտ,գ. Անտառուտի մ/դ,4
Արագածոտն,Թալին / Աշնակ,գ. Աշնակի Գ.Չաուշի անվ. մ/դ,4
Շիրակ,Աշոցք / Աշոցք,գ. Աշոցքի մ/դ,6
Տավուշ,Իջևան / Աչաջուր,գ. Աչաջրի մ/դ,27
Արմավիր,Վաղարշապատ / Ապագա,գ. Ապագայի մ/դ,13
Արմավիր,Վաղարշապատ / Առատաշեն,գ. Առատաշենի Գ. Գրիգորյանի անվ. մ/դ,17
Շիրակ,Ախուրյան / Առափի,գ. Առափիի մ/դ,6
Կոտայք,Աբովյան / Առինջ,գ. Առինջի Կ.Ծառուկյանի անվ. մ/դ,26
Գեղարքունիք,Մարտունի / Աստղաձոր,գ. Աստղաձորի մ/դ,34
Գեղարքունիք,Վարդենիս / Ավազան,գ. Ավազանի հմ/դ,1
Արագածոտն,Աշտարակ / Ավան,գ. Ավանի Ա.Սերոբի անվ. մ/դ,1
Արարատ,Արարատ / Ավշար,գ. Ավշարի մ/դ,22
Արագածոտն,Թալին / Արագածավան,գ. Արագածավանի թիվ 1 մ/դ,18
Արագածոտն,Թալին / Արագածավան,գ. Արագածավանի թիվ 2 մ/դ,11
Արագածոտն,Ապարան / Արագած,գ. Արագածի թիվ 1 մ/դ,17
Արագածոտն,Ապարան / Արագած,գ. Արագածի թիվ 2 մ/դ,2
Արմավիր,Վաղարշապատ / Արագած,գ. Արագածի Մ.Մեխակյանի անվ. մ/դ,11
Արագածոտն,Աշտարակ / Արագածոտն,գ. Արագածոտնի մ/դ,4
Կոտայք,Նաիրի / Արագյուղ,"գ. Արագյուղի ""Տիգրանակերտ կրթարան"" մ/դ",9
Արմավիր,Արմավիր / Արազափ,գ. Արազափի Թ. Հուրյանի անվ. մ/դ,7
Արարատ,Արարատ / Արալեզ,գ. Արալեզի մ/դ,11
Կոտայք,Աբովյան / Արամուս,գ. Արամուսի Վ.Առաքելյանի անվ. մ/դ,23
Արագածոտն,Ապարան / Արայի,գ. Արայի հմ/դ,1
Սյունիք,Գորիս / Արավուս,գ. Արավուսի տ/դ,2
Արարատ,Արարատ / Արարատ,գ. Արարատի թիվ 1 մ/դ,15
Արարատ,Արարատ / Արարատ,գ. Արարատի թիվ 2 մ/դ,21
Արարատ,Արարատ / Արարատ,գ. Արարատի թիվ 3 մ/դ,11
Արարատ,Արտաշատ / Արաքսավան,գ. Արաքսավանի մ/դ,7
Արմավիր,Արմավիր / Արաքս,գ. Արաքսի Զ.Ավետիսյանի անվ. մ/դ,8
Արմավիր,Վաղարշապատ / Արաքս,գ. Արաքսի մ/դ,14
Արարատ,Մասիս / Արբաթ,գ. Արբաթի Հ.Զաքարյանի անվ. մ/դ,20
Արմավիր,Արմավիր / Արգավանդ,գ. Արգավանդի մ/դ,19
Արարատ,Մասիս / Արգավանդ,գ. Արգավանդի մ/դ,14
Կոտայք,Նաիրի / Արգել,գ. Արգելի Վ.Անանյանի անվ. մ/դ,14
Արմավիր,Բաղրամյան / Արգինա,գ. Արգինայի մ/դ,4
Շիրակ,Ամասիա / Արեգնադեմ,գ. Արեգնադեմի մ/դ,2
Գեղարքունիք,Վարդենիս / Արեգունի,գ. Արեգունու մ/դ,1
Վայոց Ձոր,Եղեգնաձոր / Արենի,գ. Արենիի մ/դ,13
Կոտայք,Հրազդան / Արզական,գ. Արզականի Խ.Խաչատրյանի անվ. մ/դ,13
Կոտայք,Աբովյան / Արզնի,գ. Արզնիի մ/դ,24
Վայոց Ձոր,Վայք / Արին,գ. Արինի մ/դ,1
Լոռի,Տաշիր / Արծնի,գ. Արծնիի մ/դ,2
Տավուշ,Տավուշ / Արծվաբերդ,գ. Արծվաբերդի թիվ 2 հմ/դ,9
Տավուշ,Տավուշ / Արծվաբերդ,գ. Արծվաբերդի թիվ 1 մ/դ,12
Սյունիք,Կապան / Արծվանիկ,գ. Արծվանիկի մ/դ,3
Գեղարքունիք,Մարտունի / Արծվանիստ,գ. Արծվանիստի մ/դ,14
Տավուշ,Նոյեմբերյան / Արճիս,գ. Արճիսի մ/դ,7
Լոռի,Ստեփանավան / Արմանիս,գ. Արմանիսի հմ/դ,1
Արարատ,Արարատ / Արմաշ,գ. Արմաշի մ/դ,21
Արմավիր,Մեծամոր / Գ.Արմավիր,գ. Արմավիրի մ/դ,14
Արմավիր,Վաղարշապատ / Արշալույս,գ. Արշալույսի Ս.Գրիգորյանի անվ. մ/դ,23
Արագածոտն,Աշտարակ / Արուճ,գ. Արուճի մ/դ,11
Լոռի,Սպիտակ / Ղուրսալի,գ. Արջհովիտի մ/դ,3
Լոռի,Գուգարք / Արջուտ,գ. Արջուտի մ/դ,5
Վայոց Ձոր,Եղեգնաձոր / Արտաբույնք,գ. Արտաբույնքի մ/դ,2
Արմավիր,Բաղրամյան / Արտամետ,գ. Արտամետի Գուրգեն Մարգարյանի անվ. մ/դ,1
Գեղարքունիք,Ճամբարակ / Արտանիշ,գ. Արտանիշի մ/դ,1
Արագածոտն,Աշտարակ / Արտաշատավան,գ. Արտաշավանի մ/դ,6
Կոտայք,Հրազդան / Արտավազ,գ. Արտավազի մ/դ,2
Վայոց Ձոր,Վայք / Արտավան,գ. Արտավանի մ/դ,1
Արագածոտն,Թալին / Արտենի,գ. Արտենիի թիվ 1 մ/դ,12
Արագածոտն,Թալին / Արտենի,գ. Արտենիի հիմնական դպրոց,2
Արմավիր,Վաղարշապատ / Արտիմետ,գ. Արտիմետի մ/դ,13
Շիրակ,Աշոցք / Արփենի,գ. Արփենիի մ/դ,3
Վայոց Ձոր,Եղեգնաձոր / Արփի,գ. Արփիի Վ. Լևոնյանի անվան մ/դ,10
Գեղարքունիք,Վարդենիս / Արփունք,գ. Արփունքի մ/դ,3
Արարատ,Մասիս / Արևաբույր,գ. Արևաբույրի Հ.Թադևոսյանի անվ. մ/դ,8
Արմավիր,Բաղրամյան / Արևադաշտ,գ. Արևադաշտի մ/դ,2
Լոռի,Ալավերդի / Արևածագ,գ. Արևածագի Կ․ Մելիքսեթյան անվ․ մ/դ,7
Արմավիր,Վաղարշապատ / Արևաշատ,գ. Արևաշատի մ/դ,7
Լոռի,Սպիտակ / Արևաշող,գ. Արևաշողի մ/դ,11
Արմավիր,Արմավիր / Արևիկ,գ. Արևիկի մ/դ,16
Շիրակ,Ախուրյան / Արևիկ,գ. Արևիկի մ/դ,12
Արարատ,Արտաշատ / Արևշատ,գ. Արևշատի մ/դ,12
Արագածոտն,Ապարան / Ափնագյուղ,գ. Ափնայի մ/դ,4
Լոռի,Ալավերդի / Աքորի,գ. Աքորու մ/դ,9
Արմավիր,Բաղրամյան / Բագարան,գ. Բագարանի մ/դ,4
Շիրակ,Անի / Բագրավան,գ. Բագրավանի մ/դ,1
Տավուշ,Նոյեմբերյան / Բագրատաշեն,գ. Բագրատաշենի թիվ 2 հմ/դ,7
Տավուշ,Նոյեմբերյան / Բագրատաշեն,գ. Բագրատաշենի Մ․ Մագուլյանի անվան թիվ 1 մ/դ,12
Արագածոտն,Աշտարակ / Բազմաղբյուր,գ. Բազմաղբյուրի մ/դ,5
Լոռի,Գուգարք / Բազում,գ. Բազումի մ/դ,8
Կոտայք,Աբովյան / Բալահովիտ,գ. Բալահովիտի Ի.Վիրաբյանի անվ. մ/դ,12
Սյունիք,Սիսիան / Բալաք,գ. Բալաքի տ/դ,1
Տավուշ,Նոյեմբերյան / Բաղանիս,գ. Բաղանիսի մ/դ,4
Արմավիր,Բաղրամյան / Բաղրամյան,գ. Բաղրամյան մ/դ,4
Արարատ,Արտաշատ / Բաղրամյան,գ. Բաղրամյանի մ/դ,19
Արմավիր,Վաղարշապատ / Բաղրամյան,գ. Բաղրամյանի մ/դ,25
Արմավիր,Արմավիր / Բամբակաշատ,գ. Բամբակաշատի մ/դ,22
Շիրակ,Ամասիա / Բանդիվան,գ. Բանդիվանի մ/դ,2
Շիրակ,Աշոցք / Բավրա,գ. Բավրայի մ/դ,6
Տավուշ,Նոյեմբերյան / Բարեկամավան,գ. Բարեկամավանի մ/դ,1
Արարատ,Արտաշատ / Բարձրաշեն,գ. Բարձրաշենի մ/դ,13
Սյունիք,Գորիս / Բարձրավան,գ. Բարձրավանի մ/դ,2
Վայոց Ձոր,Վայք / Բարձրունի,գ. Բարձրունու մ/դ,4
Շիրակ,Ախուրյան / Բենիամին,գ. Բենիամինի մ/դ,3
Շիրակ,Ամասիա / Բերդաշեն,գ. Բերդաշենի մ/դ,1
Տավուշ,Նոյեմբերյան / Բերդավան,գ. Բերդավանի մ/դ,22
Արարատ,Արտաշատ / Բերդիկ,գ. Բերդիկի մ/դ,5
Տավուշ,Իջևան / Բերքաբեր,գ. Բերքաբերի մ/դ,1
Արմավիր,Արմավիր / Բերքաշատ,գ. Բերքաշատի մ/դ,5
Արագածոտն,Արագած / Բերքառատ,գ. Բերքառատի մ/դ,2
Լոռի,Տաշիր / Բլագոդարնոյե,գ. Բլագոդարնոյեի հմ/դ,3
Արագածոտն,Աշտարակ / Բյուրական,գ. Բյուրականի Հ.Թումանյանի անվ. մ/դ,25
Շիրակ,Ամասիա / Բյուրակն,գ. Բյուրակնի մ/դ,2
Արարատ,Արտաշատ / Բյուրավան,գ. Բյուրավանի մ/դ,10
Սյունիք,Սիսիան / Բնունիս,գ. Բնունիսի հմ/դ,2
Լոռի,Ստեփանավան / Բովաձոր,գ. Բովաձորի մ/դ,2
Կոտայք,Նաիրի / Բուժական,գ. Բուժականի մ/դ,8
Կոտայք,Հրազդան / Բջնի,գ. Բջնիի Հ.Թումանյանի անվ. մ/դ,16
Սյունիք,Սիսիան / Բռնակոթ,գ. Բռնակոթի մ/դ,6
Գեղարքունիք,Սևան / Գագարին,գ. Գագարինի մ/դ,10
Արմավիր,Վաղարշապատ / Գայ,գ. Գայի մ/դ,25
Գեղարքունիք,Գավառ / Գանձակ,գ. Գանձակի թիվ 1 մ/դ,15
Գեղարքունիք,Գավառ / Գանձակ,գ. Գանձակի հ․ 2 մ/դ,8
Տավուշ,Իջևան / Գանձաքար,գ. Գանձաքարի մ/դ,21
Արագածոտն,Թալին / Գառնահովիտ,գ. Գառնահովիտի մ/դ,1
Շիրակ,Ամասիա / Գառնառիճ,գ. Գառնառիճի մ/դ,1
Կոտայք,Աբովյան / Գառնի Բանավան,գ. Գառնի Բանավանի հմ/դ,10
Կոտայք,Աբովյան / Գառնի,գ. Գառնիի Ա․Հակոբյանի անվ․ թիվ 1 հմ/դ,39
Լոռի,Ստեփանավան / Գարգառ,գ. Գարգառի Վ.Բալայանի անվ. մ/դ,7
Կոտայք,Աբովյան / Գեղադիր,գ. Գեղադիրի մ/դ,1
Արագածոտն,Արագած / Գեղադիր,գ. Գեղադիրի Ռ․ Խաչատրյանի մ/դ,9
Արմավիր,Վաղարշապատ / Գեղակերտ,գ. Գեղակերտի մ/դ,11
Արագածոտն,Արագած / Գեղաձոր,գ. Գեղաձորի մ/դ,2
Գեղարքունիք,Վարդենիս / Գեղամասար,գ. Գեղամասարի մ/դ,8
Գեղարքունիք,Սևան / Գեղամավան,գ. Գեղամավանի Ա.Աբրահամյանի անվ. մ/դ,3
Շիրակ,Արթիկ / Գեղանիստ,գ. Գեղանիստի մ/դ,11
Արարատ,Մասիս / Գեղանիստ,գ. Գեղանիստի մ/դ,23
Սյունիք,Կապան / Գեղանուշ,գ. Գեղանուշի մ/դ,1
Կոտայք,Աբովյան / Գեղաշեն,գ. Գեղաշենի մ/դ,44
Լոռի,Սպիտակ / Գեղասար,գ. Գեղասարի մ/դ,7
Կոտայք,Աբովյան / Գեղարդ,գ. Գեղարդի մ/դ,3
Արագածոտն,Արագած / Գեղարոտ,գ. Գեղարոտի մ/դ,3
Գեղարքունիք,Գավառ / Գեղարքունիք,գ. Գեղարքունիքի մ/դ,9
Սյունիք,Կապան / Գեղի,գ. Գեղիի մ/դ,2
Գեղարքունիք,Մարտունի / Գեղհովիտ,գ. Գեղհովիտի h. 2 մ/դ,22
Գեղարքունիք,Մարտունի / Գեղհովիտ,գ. Գեղհովիտի հ․ 1 մ/դ,16
Արարատ,Արտաշատ / Գետազատ,գ. Գետազատի մ/դ,13
Տավուշ,Իջևան / Գետահովիտ,գ. Գետահովիտի մ/դ,8
Կոտայք,Նաիրի / Գետամեջ,գ. Գետամեջի մ/դ,2
Արմավիր,Արմավիր / Գետաշեն,գ. Գետաշենի մ/դ,10
Կոտայք,Աբովյան / Գետարգել,գ. Գետարգելի հմ/դ,12
Շիրակ,Արթիկ / Գետափ,գ. Գետափի Գ. Արշակյանի անվան մ/դ,5
Արագածոտն,Թալին / Գետափ,գ. Գետափի հմ/դ,1
Վայոց Ձոր,Եղեգնաձոր / Գետափ,գ. Գետափի մ/դ,9
Գեղարքունիք,Ճամբարակ / Գետիկ,գ. Գետիկի մ/դ,4
Շիրակ,Ախուրյան / Գետք,գ. Գետքի մ/դ,1
Վայոց Ձոր,Եղեգնաձոր / Գլաձոր,գ. Գլաձորի մ/դ,16
Լոռի,Ստեփանավան / Գյուլագարակ,գ. Գյուլագարակի մ/դ,10
Վայոց Ձոր,Վայք / Գնդևազ,գ. Գնդեվազի մ/դ,3
Լոռի,Սպիտակ / Գոգարան,գ. Գոգարանի մ/դ,4
Կոտայք,Աբովյան / Գողթ,գ. Գողթի մ/դ,19
Վայոց Ձոր,Վայք / Գոմք,գ. Գոմքի մ/դ,1
Տավուշ,Դիլիջան / Գոշ,գ. Գոշի թիվ 1 մ/դ,2
Տավուշ,Դիլիջան / Գոշ,գ. Գոշի թիվ 2 հմ/դ,1
Արարատ,Արարատ / Գոռավան,գ. Գոռավանի մ/դ,28
Սյունիք,Սիսիան / Գորայք,գ. Գորայքի մ/դ,1
Լոռի,Վանաձոր / Գուգարք,գ. Գուգարքի Հ.Շիրազի անվ. մ/դ,7
Շիրակ,Անի / Գուսանագյուղ,գ. Գուսանագյուղի մ/դ,3
Արմավիր,Վաղարշապատ / Գրիբոյեդով,գ. Գրիբոյեդովի Վ.Ռոստոմյանի անվ. մ/դ,11
Արարատ,Արտաշատ / Դալար,գ. Դալարի մ/դ,21
Արմավիր,Բաղրամյան / Դալարիկ,գ. Դալարիկի Հովհաննես Հովհաննիսյանի անվ. N1 մ/դ,20
Արագածոտն,Թալին / Դաշտադեմ,գ. Դաշտադեմի Գ.Բաղդասարյանի անվ. մ/դ,2
Արարատ,Մասիս / Դաշտավան,գ. Դաշտավանի Տոնոյանի անվ. մ/դ,11
Արարատ,Արարատ / Դաշտաքար,գ. Դաշտաքարի մ/դ,8
Արմավիր,Վաղարշապատ / Դաշտ,գ. Դաշտի մ/դ,5
Արագածոտն,Թալին / Դավթաշեն,գ. Դավթաշենի մ/դ,6
Սյունիք,Կապան / Դավիթ Բեկ,գ. Դավիթբեկի մ/դ,2
Արարատ,Մասիս / Դարակերտ,գ. Դարակերտի մ/դ,15
Սյունիք,Սիսիան / Դարբաս,գ. Դարբասի մ/դ,2
Արարատ,Մասիս / Դարբնիկ,գ. Դարբնիկի մ/դ,10
Լոռի,Գուգարք / Դարպաս,գ. Դարպասի մ/դ,8
Գեղարքունիք,Սևան / Դդմաշեն,գ. Դդմաշենի մ/դ,7
Արագածոտն,Թալին / Դդմասար,գ. Դդմասարի հմ/դ,2
Տավուշ,Նոյեմբերյան / Դեբեդավան,գ. Դեբեդավանի մ/դ,8
Լոռի,Գուգարք / Դեբետ,գ. Դեբեդի մ/դ,7
Տավուշ,Նոյեմբերյան / Դեղձավան,գ. Դեղձավանի հմ/դ,4
Արարատ,Արտաշատ / Դեղձուտ,գ. Դեղձուտի մ/դ,6
Արագածոտն,Թալին / Դիան,գ. Դիանի հմ/դ,1
Արարատ,Արտաշատ / Դիմիտրով,գ. Դիմիտրովի մ/դ,11
Արարատ,Արտաշատ / Դիտակ,գ. Դիտակի մ/դ,4
Տավուշ,Իջևան / Դիտավան,գ. Դիտավանի հմ/դ,1
Արմավիր,Վաղարշապատ / Դողս,գ. Դողսի մ/դ,7
Տավուշ,Նոյեմբերյան / Դովեղ,գ. Դովեղի մ/դ,6
Գեղարքունիք,Ճամբարակ / Դպրաբակ,գ. Դպրաբակի մ/դ,6
Լոռի,Ալավերդի / Դսեղ,գ. Դսեղի Հ.Թումանյանի անվ. մ/դ,10
Գեղարքունիք,Ճամբարակ / Դրախտիկ,գ. Դրախտիկի մ/դ,5
Վայոց Ձոր,Եղեգնաձոր / Ելփին,գ. Ելփինի մ/դ,6
Սյունիք,Կապան / Եղեգ,գ. Եղեգի մ/դ,2
Վայոց Ձոր,Եղեգնաձոր / Եղեգիս,գ. Եղեգիսի մ/դ,1
Արարատ,Վեդի / Եղեգնավան,գ. Եղեգնավանի մ/դ,17
Լոռի,Փամբակ / Եղեգնուտ,գ. Եղեգնուտի մ/դ,4
Արմավիր,Արմավիր / Եղեգնուտ,գ. Եղեգնուտի մ/դ,8
Արագածոտն,Ապարան / Եղիպատրուշ,գ. Եղիպատրուշի մ/դ,5
Արագածոտն,Թալին / Եղնիկ,գ. Եղնիկի հմ/դ,4
Սյունիք,Կապան / Եղվարդ,գ. Եղվարդի մ/դ,3
Տավուշ,Իջևան / Ենոքավան,գ. Ենոքավանի մ/դ,5
Շիրակ,Ախուրյան / Երազգավորս,գ. Երազգավորսի մ/դ,5
Գեղարքունիք,Մարտունի / Երանոս,գ. Երանոսի հ․ 1 մ/դ,17
Գեղարքունիք,Մարտունի / Երանոս,գ. Երանոսի հ․ 2 մ/դ,8
Արմավիր,Արմավիր / Երասխահուն,գ. Երասխահունի Մ. Գևորգյանի անվ. մ/դ,10
Արարատ,Արարատ / Երասխ,գ. Երասխի մ/դ,7
Արագածոտն,Ապարան / Երնջատափ,գ. Երնջատապի մ/դ,4
Արմավիր,Բաղրամյան / Երվանդաշատ,գ. Երվանդաշատի մ/դ,3
Արարատ,Արարատ / Զանգակատուն,գ. Զանգակատան մ/դ,1
Կոտայք,Աբովյան / Զառ,գ. Զառի Ժ.Սարգսյանի անվ. մ/դ,12
Վայոց Ձոր,Վայք / Զառիթափ,գ. Զառիթափի Ա.Մելիքյանի անվ. մ/դ,6
Արմավիր,Արմավիր / Զարթոնք,գ. Զարթոնքի մ/դ,15
Արագածոտն,Թալին / Զարինջա,գ. Զարինջայի մ/դ,3
Գեղարքունիք,Մարտունի / Զոլաքար,գ. Զոլաքարի Ա.Վարդանյանի անվ. հ․ 2 մ/դ,14
Գեղարքունիք,Մարտունի / Զոլաքար,գ. Զոլաքարի հ․ 1 մ/դ,15
Գեղարքունիք,Սևան / Զովաբեր,գ. Զովաբերի մ/դ,8
Արագածոտն,Թալին / Զովասար,գ. Զովասարի մ/դ,4
Կոտայք,Նաիրի / Զովունի,գ. Զովունիի Ռ.Բաղդասարյանի անվ. մ/դ,37
Կոտայք,Աբովյան / Զովք,գ. Զովքի Գ.Շահինյանի անվ. մ/դ,11
Տավուշ,Նոյեմբերյան / Զորական,գ. Զորականի մ/դ,4
Արարատ,Մասիս / Զորակ,գ. Զորակի Մոնթե Մելքոնյանի անվան մ/դ,13
Կոտայք,Նաիրի / Զորավան,գ. Զորավանի մ/դ,11
Շիրակ,Աշոցք / Զույգաղբյուր,գ. Զույգաղբյուրի մ/դ,3
Արագածոտն,Թալին / Թաթուլ,գ. Թաթուլի մ/դ,5
Արմավիր,Վաղարշապատ / Թաիրով,գ. Թաիրովի մ/դ,26
Սյունիք,Սիսիան / Թասիկ,գ. Թասիկի հմ/դ,1
Կոտայք,Նաիրի / Թեղենիք,գ. Թեղենիքի Վ.Ջինիշյանի անվ. մ/դ,1
Լոռի,Ալավերդի / Թեղուտ,գ. Թեղուտի մ/դ,2
Տավուշ,Դիլիջան / Թեղուտ,գ. Թեղուտի մ/դ,11
Գեղարքունիք,Ճամբարակ / Թթուջուր,գ. Թթուջուրի մ/դ,5
Արագածոտն,Ապարան / Թթուջուր,գ. Թթուջրի հմ/դ,3
Տավուշ,Տավուշ / Իծաքար,գ. Իծաքարի հմ/դ,3
Սյունիք,Սիսիան / Իշխանասար,գ. Իշխանասարի հմ/դ,4
Շիրակ,Անի / Իսահակյան,գ. Իսահակյանի մ/դ,3
Արագածոտն,Թալին / Իրինդ,գ. Իրինդի Մ.Քոթանյանի անվ. մ/դ,3
Արարատ,Արտաշատ / Լանջազատ,գ. Լանջազատի մ/դ,13
Գեղարքունիք,Գավառ / Լանջաղբյուր,գ. Լանջաղբյուրի մ/դ,7
Արարատ,Արարատ / Լանջառ,գ. Լանջառի հմ/դ,1
Շիրակ,Անի / Լանջիկ,գ. Լանջիկի մ/դ,5
Սյունիք,Մեղրի / Լեհվազ,գ. Լեհվազի մ/դ,4
Արմավիր,Արմավիր / Լենուղի,գ. Լենուղու Ջիվանու անվ. մ/դ,10
Լոռի,Ստեփանավան / Լեջան,գ. Լեջանի մ/դ,2
Արմավիր,Բաղրամյան / Լեռնագոգ,գ. Լեռնագոգի Օնիկ Փակումեանի մ/դ,12
Գեղարքունիք,Մարտունի / Լեռնակերտ,գ. Լեռնակերտի հմ/դ,3
Շիրակ,Արթիկ / Լեռնակերտ,գ. Լեռնակերտի մ/դ,7
Լոռի,Տաշիր / Լեռնահովիտ,գ. Լեռնահովիտի մ/դ,5
Սյունիք,Կապան / Լեռնաձոր,գ. Լեռնաձորի հմ/դ,5
Կոտայք,Հրազդան / Լեռնանիստ,գ. Լեռնանիստի Ս.Նազարյանի անվ. մ/դ,16
Լոռի,Սպիտակ / Լեռնանցք,գ. Լեռնանցքի մ/դ,9
Լոռի,Գուգարք / Լեռնապատի,գ. Լեռնապատի Ե.Դալլաքյանի անվ. մ/դ,14
Արագածոտն,Արագած / Լեռնապար,գ. Լեռնապարի մ/դ,1
Լոռի,Սպիտակ / Լեռնավան,գ. Լեռնավանի մ/դ,4
Արագածոտն,Աշտարակ / Լեռնարոտ,գ. Լեռնարոտի Գ.Միքայելյանի անվ. մ/դ,1
Լոռի,Գուգարք / Լերմոնտովո,գ. Լերմոնտովոյի մ/դ,8
Գեղարքունիք,Մարտունի / Լիճք,գ. Լիճքի Հ. Թումանյանի անվ. մ/դ,41
Գեղարքունիք,Մարտունի / Լիճք,գ. Լիճքի հմ/դ,2
Գեղարքունիք,Սևան / Լճաշեն,գ. Լճաշենի մ/դ,21
Գեղարքունիք,Վարդենիս / Լճավան,գ. Լճավանի Ա․Խաչատրյանի անվ․ մ/դ,5
Գեղարքունիք,Գավառ / Լճափ,գ. Լճափի մ/դ,5
Տավուշ,Նոյեմբերյան / Լճկաձոր,գ. Լճկաձորի հմ/դ,4
Լոռի,Ստեփանավան / Լոռի Բերդ,գ. Լոռի Բերդի հմ/դ,2
Սյունիք,Սիսիան / Լոր,գ. Լորի մ/դ,1
Լոռի,Ալավերդի / Լորուտ,գ. Լորուտի մ/դ,3
Արմավիր,Արմավիր / Լուկաշեն,գ. Լուկաշինի Հ. Ավետիսյանի անվ. մ/դ,14
Արմավիր,Վաղարշապատ / Լուսագյուղ,գ. Լուսագյուղի մ/դ,4
Արագածոտն,Ապարան / Լուսագյուղ,գ. Լուսագյուղի մ/դ,6
Շիրակ,Արթիկ / Լուսակերտ,գ. Լուսակերտի մ/դ,2
Արագածոտն,Թալին / Լուսակն,գ. Լուսակնի միջնակարգ դպրոց,1
Գեղարքունիք,Վարդենիս / Լուսակունք,գ. Լուսակունքի մ/դ,7
Տավուշ,Իջևան / Լուսահովիտ,գ. Լուսահովիտի հմ/դ,1
Տավուշ,Իջևան / Լուսաձոր,գ. Լուսաձորի հմ/դ,5
Լոռի,Սպիտակ / Լուսաղբյուր,գ. Լուսաղբյուրի մ/դ,5
Շիրակ,Անի / Լուսաղբյուր,գ. Լուսաղբյուրի մ/դ,7
Արարատ,Արարատ / Լուսաշողի,գ. Լուսաշողի մ/դ,3
Արարատ,Արարատ / Լուսառատ,գ. Լուսառատի մ/դ,15
Արմավիր,Արմավիր / Խանջյան,գ. Խանջյանի Ա. Հակոբյանի անվ. մ/դ,10
Գեղարքունիք,Վարդենիս / Խաչաղբյուր,գ. Խաչաղբյուրի մ/դ,6
Տավուշ,Դիլիջան / Խաչարձան,գ. Խաչարձանի մ/դ,3
Վայոց Ձոր,Եղեգնաձոր / Խաչիկ,գ. Խաչիկի մ/դ,5
Արարատ,Մասիս / Խաչփառ,գ. Խաչփարի մ/դ,15
Սյունիք,Գորիս / Խնածախ,Գ. Խնածախի մ/դ,2
Սյունիք,Գորիս / Խնձորեսկ,գ. Խնձորեսկի մ/դ,6
Վայոց Ձոր,Վայք / Խնձորուտ,գ. Խնձորուտի մ/դ,1
Սյունիք,Գորիս / Խոզնավարի,գ. Խոզնավարի մ/դ,3
Սյունիք,Գորիս / Խոտ,գ. Խոտի մ/դ,7
Արմավիր,Վաղարշապատ / Խորոնք,գ. Խորոնքի մ/դ,10
Լոռի,Ալավերդի / Ծաթեր,գ. Ծաթերի հմ/դ,3
Գեղարքունիք,Մարտունի / Ծակքար,գ. Ծակքարի մ/դ,14
Լոռի,Սպիտակ / Ծաղկաբեր,գ. Ծաղկաբերի Դ.Մարտիրոսյանի անվ. մ/դ,5
Արմավիր,Վաղարշապատ / Ծաղկալանջ,գ. Ծաղկալանջի մ/դ,14
Արագածոտն,Ծաղկահովիտ / Ծաղկահովիտ,գ. Ծաղկահովիտի մ/դ,13
Գեղարքունիք,Գավառ / Ծաղկաշեն,գ. Ծաղկաշենի մ/դ,7
Շիրակ,Ամասիա / Ծաղկուտ,գ. Ծաղկուտի մ/դ,2
Սյունիք,Կապան / Ծավ,գ. Ծավի մ/դ,1
Արմավիր,Վաղարշապատ / Ծիածան,գ. Ծիածանի մ/դ,20
Արագածոտն,Արագած / Ծիլքար,գ. Ծիլքարի մ/դ,5
Սյունիք,Սիսիան / Ծղուկ,գ. Ծղուկի մ/դ,1
Գեղարքունիք,Սևան / Ծովագյուղ,գ. Ծովագյուղի մ/դ,33
Գեղարքունիք,Գավառ / Ծովազարդ,գ. Ծովազարդի մ/դ,8
Գեղարքունիք,Վարդենիս / Ծովակ,գ. Ծովակի մ/դ,17
Գեղարքունիք,Մարտունի / Ծովասար,գ. Ծովասարի Բ. Մուրադյանի անվ. մ/դ,21
Գեղարքունիք,Մարտունի / Ծովինար,գ. Ծովինարի Արծրուն Խաչատրյանի անվ. մ/դ,19
Գեղարքունիք,Մարտունի / Ծովինար,գ. Ծովինարի տ/դ,5
Կոտայք,Աբովյան / Կաթնաղբյուր,գ. Կաթնաղբյուրի հմ/դ,4
Արագածոտն,Թալին / Կաթնաղբյուր,գ. Կաթնաղբյուրի Մ.Գալշոյանի անվ. մ/դ,10
Լոռի,Ստեփանավան / Կաթնաղբյուր,գ. Կաթնաղբյուրի մ/դ,5
Լոռի,Սպիտակ / Կաթնաջուր,գ. Կաթնաջրի Ս. Սեյրանյանի անվ. մ/դ,7
Լոռի,Տաշիր / Կաթնառատ,գ. Կաթնառատի մ/դ,4
Գեղարքունիք,Վարդենիս / Կախակն,գ. Կախակնի մ/դ,2
Լոռի,Ալավերդի / Կաճաճկուտ,գ. Կաճաճկուտի հմ/դ,3
Կոտայք,Աբովյան / Կամարիս,գ. Կամարիսի մ/դ,12
Շիրակ,Ախուրյան / Կամո,գ. Կամոյի մ/դ,4
Արագածոտն,Ապարան / Կայքի,գ. Կայքի մ/դ,3
Արարատ,Արտաշատ / Կանաչուտ,գ. Կանաչուտի Գ.Եփրեմյանի անվ. մ/դ,8
Արագածոտն,Թալին / Կանչ,գ. Կանչի հմ/դ,1
Կոտայք,Աբովյան / Կապուտան,գ. Կապուտանի մ/դ,8
Շիրակ,Ախուրյան / Կապս,գ. Կապսի մ/դ,4
Շիրակ,Ախուրյան / Կառնուտ,գ. Կառնուտի մ/դ,3
Արագածոտն,Աշտարակ / Կարբի,գ. Կարբիի մ/դ,45
Կոտայք,Հրազդան / Կարենիս,գ. Կարենիսի մ/դ,5
Արագածոտն,Աշտարակ / Կարին,գ. Կարինի մ/դ,5
Գեղարքունիք,Վարդենիս / Կարճաղբյուր,գ. Կարճաղբյուրի Ա. Գրիգորյանի անվ. մ/դ,17
Սյունիք,Մեղրի / Կարճևան,գ. Կարճևանի հմ/դ,1
Լոռի,Ալավերդի / Կարմիր Աղեգի,գ. Կարմիր Աղեգու հմ/դ,3
Գեղարքունիք,Գավառ / Կարմիրգյուղ,գ. Կարմիրգյուղի թիվ 2 մ/դ,16
Գեղարքունիք,Գավառ / Կարմիրգյուղ,գ. Կարմիրգյուղի հ․ 1 մ/դ,13
Արագածոտն,Թալին / Կարմրաշեն,գ. Կարմրաշենի Ա. Ասլանյանի անվան մ/դ,1
Շիրակ,Աշոցք / Կարմրավան,գ. Կարմրավանի հմ/դ,1
Արագածոտն,Թալին / Կաքավաձոր,գ. Կաքավաձորի մ/դ,9
Շիրակ,Աշոցք / Կաքավասար,գ. Կաքավասարի տ/դ,1
Տավուշ,Նոյեմբերյան / Կոթի,գ. Կոթիի մ/դ,11
Տավուշ,Նոյեմբերյան / Կողբ,գ. Կողբի Ջ.Կարախանյանի անվ. թիվ 1 մ/դ,11
Լոռի,Ստեփանավան / Կողես,գ. Կողեսի հմ/դ,4
Արագածոտն,Աշտարակ / Կոշ,գ. Կոշի մ/դ,28
Սյունիք,Գորիս / Կոռնիձոր,գ. Կոռնիձորի մ/դ,2
Կոտայք,Աբովյան / Կոտայք,գ. Կոտայքի Ս.Վարդանյանի անվ. մ/դ,13
Գեղարքունիք,Վարդենիս / Կութ,գ. Կութի մ/դ,1
Լոռի,Ստեփանավան / Կուրթան,գ. Կուրթանի մ/դ,4
Շիրակ,Ախուրյան / Կրաշեն,գ. Կրաշենի հմ/դ,1
Շիրակ,Աշոցք / Կրասար,գ. Կրասարի մ/դ,1
Լոռի,Ալավերդի / Հագվի,գ. Հագվու հմ/դ,3
Սյունիք,Գորիս / Հալիձոր,գ. Հալիձորի մ/դ,2
Արագածոտն,Թալին / Հակկո,գ. Հակոյի հմ/դ,1
Տավուշ,Դիլիջան / Հաղարծին,գ. Հաղարծինի մ/դ,31
Տավուշ,Նոյեմբերյան / Հաղթանակ,գ. Հաղթանակի մ/դ,9
Լոռի,Ալավերդի / Հաղպատ,գ. Հաղպատի մ/դ,1
Արարատ,Մասիս / Հայանիստ,գ. Հայանիստի մ/դ,19
Արմավիր,Վաղարշապատ / Հայթաղ,գ. Հայթաղի Հ.Կարապետյանի անվ. մ/դ,20
Շիրակ,Անի / Հայկաձոր,գ. Հայկաձորի մ/դ,7
Արմավիր,Վաղարշապատ / Հայկաշեն,գ. Հայկաշենի Գ.Կիրակոսյանի անվ. մ/դ,14
Շիրակ,Արթիկ / Հայկասար,գ. Հայկասարի հմ/դ,1
Արմավիր,Արմավիր / Հայկավան,գ. Հայկավանի մ/դ,5
Շիրակ,Ախուրյան / Հայկավան,գ. Հայկավանի մ/դ,2
Գեղարքունիք,Գավառ / Հայրավանք,գ. Հայրավանքի մ/դ,7
Շիրակ,Արթիկ / Հայրենյաց,գ. Հայրենյացի մ/դ,4
Շիրակ,Արթիկ / Հառիճ,գ. Հառիճի մ/դ,7
Կոտայք,Աբովյան / Հատիս,գ. Հատիսի Վ.Վարդանյանի անվ. մ/դ,5
Լոռի,Սպիտակ / Հարթագյուղ,գ. Հարթագյուղի մ/դ,8
Շիրակ,Աշոցք / Հարթաշեն,գ. Հարթաշենի հմ/դ,1
Սյունիք,Գորիս / Հարթաշեն,գ. Հարթաշենի մ/դ,5
Արագածոտն,Ապարան / Հարթավան,գ. Հարթավանի մ/դ,6
Սյունիք,Գորիս / Հարժիս,գ. Հարժիսի մ/դ,1
Արագածոտն,Թալին / Հացաշեն,գ. Հացաշենի հմ/դ,1
Կոտայք,Աբովյան / Հացավան,գ. Հացավանի Հ.Մանուկյանի անվ. մ/դ,1
Սյունիք,Սիսիան / Հացավան,գ. Հացավանի մ/դ,1
Արմավիր,Արմավիր / Հացիկ,գ. Հացիկի Ա.Բաղդասրյանի անվ. մ/դ,11
Շիրակ,Ախուրյան / Հացիկ,գ. Հացիկի մ/դ,8
Վայոց Ձոր,Վայք / Հերհեր,գ. Հերհերի մ/դ,3
Վայոց Ձոր,Եղեգնաձոր / Հերմոն,գ. Հերմոնի հմ/դ,1
Արագածոտն,Արագած / Հնաբերդ,գ. Հնաբերդի մ/դ,16
Արարատ,Արտաշատ / Հնաբերդ,գ. Հնաբերդի մ/դ,7
Լոռի,Ստեփանավան / Հոբարձի,գ. Հոբարձու Ա. Ղուկասյանի անվ. մ/դ,3
Շիրակ,Ամասիա / Հողմիկ,գ. Հողմիկի մ/դ,1
Շիրակ,Արթիկ / Հոռոմ,գ. Հոռոմի մ/դ,12
Շիրակ,Ախուրյան / Հովիտ,գ. Հովիտի մ/դ,4
Շիրակ,Ախուրյան / Հովունի,գ. Հովունու մ/դ,2
Արմավիր,Վաղարշապատ / Հովտամեջ,գ. Հովտամեջի մ/դ,2
Արարատ,Մասիս / Հովտաշատ,գ. Հովտաշատի մ/դ,22
Շիրակ,Արթիկ / Հովտաշեն,գ. Հովտաշենի հմ/դ,2
Արարատ,Արտաշատ / Հովտաշեն,գ. Հովտաշենի մ/դ,11
Տավուշ,Դիլիջան / Հովք,գ. Հովքի մ/դ,2
Վայոց Ձոր,Եղեգնաձոր / Հորբատեղ,գ. Հորբատեղի հմ/դ,2
Արմավիր,Բաղրամյան / Հուշակերտ,գ. Հուշակերտի մ/դ,6
Շիրակ,Անի / Ձիթիանքով,գ. Ձիթհանքովի մ/դ,5
Գեղարքունիք,Մարտունի / Ձորագյուղ,գ. Ձորագյուղի Հ. Ղազարյանի անվ. հմ/դ,41
Լոռի,Գուգարք / Ձորագյուղ,գ. Ձորագյուղի հմ/դ,1
Շիրակ,Անի / Ձորակապ,գ. Ձորակապի մ/դ,9
Կոտայք,Աբովյան / Ձորաղբյուր,գ. Ձորաղբյուրի Վահունի Կարապետյանի անվան մ/դ,13
Լոռի,Տաշիր / Ձորամուտ,գ. Ձորամուտի մ/դ,1
Շիրակ,Աշոցք / Ձորաշեն,գ. Ձորաշենի մ/դ,3
Շիրակ,Աշոցք / Ղազանչի,գ. Ղազանչիի մ/դ,5
Արագածոտն,Աշտարակ / Ղազարավան,գ. Ղազարավանի մ/դ,2
Շիրակ,Ախուրյան / Ղարիբջանյան,գ. Ղարիբջանյանի մ/դ,3
Արարատ,Մասիս / Ղուկասավան,գ. Ղուկասավանի մ/դ,8
Արագածոտն,Արագած / Ճարճարկիս,գ. Ճարճակիսի մ/դ,3
Լոռի,Ալավերդի / Ճոճկան,գ. Ճոճկանի մ/դ,11
Գեղարքունիք,Մարտունի / Մադինա,գ. Մադինայի մ/դ,8
Վայոց Ձոր,Եղեգնաձոր / Մալիշկա,գ. Մալիշկայի թիվ 1 մ/դ,12
Վայոց Ձոր,Եղեգնաձոր / Մալիշկա,գ. Մալիշկայի Մ. Լոմոնոսովի անվան մ/դ,4
Կոտայք,Աբովյան / Մայակովսկի,գ. Մայակովսկու Հ.Հովհաննիսյանի անվ. մ/դ,13
Արմավիր,Արմավիր / Մայիսյան,գ. Մայիսյանի մ/դ,12
Շիրակ,Ախուրյան / Մայիսյան,գ. Մայիսյանի մ/դ,8
Արարատ,Արտաշատ / Մասիս,գ. Մասիսի մ/դ,25
Արագածոտն,Թալին / Մաստարա,գ. Մաստարայի մ/դ,14
Լոռի,Գուգարք / Մարգահովիտ,գ. Մարգահովտի Հ.Թումանյանի անվ. մ/դ,15
Արմավիր,Արմավիր / Մարգարա,գ. Մարգարայի մ/դ,5
Շիրակ,Ախուրյան / Մարմաշեն,գ. Մարմաշենի մ/դ,6
Արարատ,Մասիս / Մարմարաշեն,գ. Մարմարաշենի մ/դ,30
Կոտայք,Հրազդան / Մարմարիկ,գ. Մարմարիկի մ/դ,3
Վայոց Ձոր,Վայք / Մարտիրոս,գ. Մարտիրոսի մ/դ,2
Գեղարքունիք,Ճամբարակ / Մարտունի,գ. Մարտունու մ/դ,4
Լոռի,Ալավերդի / Մարցի,գ. Մարցի մ/դ,4
Գեղարքունիք,Վարդենիս / Մաքենիսի,գ. Մաքենիսի մ/դ,1
Լոռի,Տաշիր / Մեդովկա,գ. Մեդովկայի մ/դ,3
Արագածոտն,Արագած / Մելիքգյուզ,գ. Մելիքգյուղի մ/դ,8
Գեղարքունիք,Վարդենիս / Մեծ Մասրիկի,գ. Մեծ Մասրիկի մ/դ,17
Լոռի,Սպիտակ / Մեծ Պարնի,գ. Մեծ Պարնիի Մ.Մելքոնյանի անվ. մ/դ,12
Շիրակ,Ախուրյան / Մեծ Սարիար,գ. Մեծ Սարիարի մ/դ,3
Շիրակ,Աշոցք / Մեծ Սեպասար,գ. Մեծ Սեպասարի մ/դ,7
Արմավիր,Վաղարշապատ / Մեծամոր,գ. Մեծամորի մ/դ,10
Լոռի,Տաշիր / Մեծավան,գ. Մեծավանի թիվ 1 մ/դ,9
Լոռի,Տաշիր / Մեծավան,գ. Մեծավանի թիվ 2 մ/դ,12
Կոտայք,Հրազդան / Մեղրաձոր,գ. Մեղրաձորի Հ.Հակոբյանի անվ. մ/դ,18
Շիրակ,Արթիկ / Մեղրաշեն,գ. Մեղրաշենի մ/դ,4
Արմավիր,Վաղարշապատ / Մերձավան,գ. Մերձավանի մ/դ,25
Լոռի,Տաշիր / Միխայլովկա,գ. Միխայլովկայի մ/դ,4
Արագածոտն,Արագած / Միջնատուն,գ. Միջնատունի հմ/դ,1
Արարատ,Արտաշատ / Մխչյան,գ. Մխչյանի մ/դ,26
Արմավիր,Բաղրամյան / Մյասնիկյան,գ. Մյասնիկյանի Արայի անվ. մ/դ,29
Տավուշ,Տավուշ / Մոսեսգեղ,գ. Մոսեսգեղի Պ. Ավալյանի անվան մ/դ,3
Արմավիր,Վաղարշապատ / Մուսալեռ,գ. Մուսալեռի Ֆ.Վերֆելի անվ. մ/դ,22
Շիրակ,Աշոցք / Մուսայելյան,գ. Մուսայելյանի մ/դ,2
Շիրակ,Ախուրյան / Բասեն,գ. Մուսայելյանի մ/դ,10
Սյունիք,Սիսիան / Մուցք,գ. Մուցքի հմ/դ,1
Արմավիր,Մեծամոր / Մրգաշատ,գ. Մրգաշատի Մ.Մաղաքյանի անվ. թիվ 2 մ/դ,22
Արմավիր,Մեծամոր / Մրգաշատ,գ. Մրգաշատի Վ.Ափոյանի անվ. թիվ 1 մ/դ,20
Կոտայք,Նաիրի / Մրգաշեն,գ. Մրգաշենի մ/դ,13
Արմավիր,Վաղարշապատ / Մրգաստան,գ. Մրգաստանի Կ.Հարությունյանի անվ. մ/դ,11
Արարատ,Արտաշատ / Մրգավան,գ. Մրգավանի մ/դ,18
Արարատ,Արտաշատ / Մրգավետ,գ. Մրգավետի մ/դ,20
Լոռի,Ստեփանավան / Յաղդան,գ. Յաղդանի հմ/դ,4
Գեղարքունիք,Մարտունի / Ներքին Գետաշեն,գ. Ն. Գետաշենի հ․ 1 մ/դ,45
Գեղարքունիք,Մարտունի / Ներքին Գետաշեն,գ. Ն.Գետաշենի Ա.Եղիազարյանի անվ. հ․ 2 մ/դ,19
Արարատ,Արտաշատ / Ն. Դվին,գ. Ն.Դվինի Լ.Ազգալդյանի անվ. մ/դ,25
Տավուշ,Տավուշ / Ն. Կ. Աղբյուր,գ. Ն.Կ.Աղբյուրի մ/դ,4
Արմավիր,Արմավիր / Նալբանդյան,գ. Նալբանդյանի Պերճուհի և Արմէն Նալպանտեանների անվ. մ/դ,24
Շիրակ,Արթիկ / Նահապետավան,գ. Նահապետավանի մ/դ,5
Տավուշ,Տավուշ / Նավուր,գ. Նավուրի մ/դ,6
Արարատ,Արտաշատ / Նարեկ,գ. Նարեկի մ/դ,13
Լոռի,Ալավերդի / Նեղոց,գ. Նեղոցի հմ/դ,1
Սյունիք,Գորիս / Ներքին Խնձորեսկ,գ. Ներքին Խնձորեսկի մ/դ,1
Արագածոտն,Թալին / Ներքին Սասնաշեն,գ. Ներքին Սասնաշենի մ/դ,4
Արագածոտն,Ապարան / Նիգավան,գ. Նիգավանի մ/դ,2
Արարատ,Մասիս / Նիզամի,գ. Նիզամիի մ/դ,13
Արարատ,Արտաշատ / Նշավան,գ. Նշավանի մ/դ,20
Արարատ,Արարատ / Նոյակերտ,գ. Նոյակերտի մ/դ,11
Արմավիր,Արմավիր / Նոր Ամասիա,գ. Նոր Ամասիայի մ/դ,3
Արմավիր,Արմավիր / Նոր Արմավիր,գ. Նոր Արմավիրի մ/դ,13
Արմավիր,Արմավիր / Նոր Արտագերս,գ. Նոր Արտագերսի մ/դ,11
Կոտայք,Նաիրի / Նոր-Արտամեդ,գ. Նոր Արտամեդի մ/դ,6
Կոտայք,Նաիրի / Նոր-Գեղի,գ. Նոր Գեղիի N 1 մ/դ,28
Կոտայք,Նաիրի / Նոր-Գեղի,գ. Նոր Գեղիի Յու.Երիցյանի անվ. թիվ 2 մ/դ,11
Արագածոտն,Աշտարակ / Նոր Եդեսիա,գ. Նոր Եդեսիայի Ն. Շնորհալու անվ. մ/դ,10
Արագածոտն,Աշտարակ / Նոր-Երզնկա,գ. Նոր Երզնկայի մ/դ,9
Լոռի,Սպիտակ / Նոր Խաչակապ,գ. Նոր Խաչակապի մ/դ,1
Արարատ,Մասիս / Նոր Խարբերդ,գ. Նոր Խարբերդի թիվ 1 մ/դ,37
Արարատ,Մասիս / Նոր Խարբերդ,գ. Նոր Խարբերդի թիվ 2 մ/դ,56
Արմավիր,Արմավիր / Նոր Կեսարիա,գ. Նոր Կեսարիայի մ/դ,12
Արարատ,Արարատ / Նոր կյանք,գ. Նոր Կյանքի մ/դ,17
Շիրակ,Արթիկ / Նոր Կյանք,գ. Նոր Կյանքի մ/դ,13
Արարատ,Մասիս / Նոր Կյուրին,գ. Նոր Կյուրինի մ/դ,10
Արարատ,Արարատ / Նոր ուղի,գ. Նոր ուղու մ/դ,4
Արագածոտն,Աշտարակ / Նոր Ամանոս,գ. Նոր-Ամանոսի մ/դ,5
Արարատ,Մասիս / Նորաբաց,գ. Նորաբացի Մ.Ապելյանի անվ. մ/դ,18
Գեղարքունիք,Վարդենիս / Նորակերտ,գ. Նորակերտի մ/դ,6
Արմավիր,Վաղարշապատ / Նորակերտ,գ. Նորակերտի մ/դ,21
Արարատ,Մասիս / Նորամարգ,գ. Նորամարգի մ/դ,18
Գեղարքունիք,Սևան / Նորաշեն,գ. Նորաշենի հմ/դ,3
Լոռի,Տաշիր / Նորաշեն,գ. Նորաշենի մ/դ,1
Տավուշ,Տավուշ / Նորաշեն,գ. Նորաշենի մ/դ,4
Արարատ,Արտաշատ / Նորաշեն,գ. Նորաշենի մ/դ,18
Արագածոտն,Արագած / Նորաշեն,գ. Նորաշենի մ/դ,7
Արմավիր,Արմավիր / Նորապատ,գ. Նորապատի մ/դ,14
Արմավիր,Արմավիր / Նորավան,գ. Նորավանի մ/դ,9
Գեղարքունիք,Գավառ / Նորատուս,գ. Նորատուսի Ա. Սողոմոնյանի անվ. թիվ 2 մ/դ,4
Գեղարքունիք,Գավառ / Նորատուս,գ. Նորատուսի թիվ 1 մ/դ,19
Գեղարքունիք,Գավառ / Նորատուս,գ. Նորատուսի թիվ 3 մ/դ,9
Կոտայք,Աբովյան / Նոր Գյուղ,գ. Նորգյուղի մ/դ,10
Կոտայք,Աբովյան / Նուռնուս,գ. Նուռնուսի մ/դ,2
Տավուշ,Իջևան / Ն. Ծաղկավան,գ. Ն․ Ծաղկավանի մ/դ,4
Արարատ,Արտաշատ / Շահումյան,գ. Շահումյանի մ/դ,30
Արմավիր,Վաղարշապատ / Շահումյան,գ. Շահումյանի մ/դ,10
Լոռի,Գուգարք / Շահումյան,գ. Շահումյանի մ/դ,11
Սյունիք,Սիսիան / Շաղատ,գ. Շաղաթի մ/դ,5
Արարատ,Արարատ / Շաղափ,գ. Շաղափի Լ.Ղազարյանի անվ. մ/դ,3
Արագածոտն,Աշտարակ / Շամիրամ,գ. Շամիրամի Ուսուբ-բեկի անվ. հմ/դ,2
Լոռի,Ալավերդի / Շամուտ,գ. Շամուտի հմ/դ,3
Վայոց Ձոր,Եղեգիս / Շատին,գ. Շատինի մ/դ,10
Գեղարքունիք,Վարդենիս / Շատջրեք,գ. Շատջրեքի մ/դ,2
Գեղարքունիք,Վարդենիս / Շատվան,գ. Շատվանի մ/դ,3
Սյունիք,Սիսիան / Շաքի,գ. Շաքիի մ/դ,3
Սյունիք,Սիսիան / Շենաթաղ,գ. Շենաթաղի հմ/դ,2
Լոռի,Սպիտակ / Շենավան,գ. Շենավանի հմ/դ,1
Արագածոտն,Ապարան / Շենավան,գ. Շենավանի մ/դ,13
Արմավիր,Մեծամոր / Շենավան,գ. Շենավանի մ/դ,13
Արմավիր,Բաղրամյան / Շենիկ,գ. Շենիկի մ/դ,4
Արագածոտն,Արագած / Շենկանի,գ. Շենկանիի հմ/դ,2
Սյունիք,Գորիս / Շինուհայր,գ. Շինուհայրի մ/դ,12
Լոռի,Սպիտակ / Շիրակամուտ,գ. Շիրակամուտի թիվ 1 մ/դ,6
Լոռի,Սպիտակ / Շիրակամուտ,գ. Շիրակամուտի հմ/դ,5
Շիրակ,Անի / Շիրակավան,գ. Շիրակավանի մ/դ,5
Շիրակ,Ախուրյան / Շիրակ,գ. Շիրակի մ/դ,4
Լոռի,Ալավերդի / Շնող,գ. Շնողի մ/դ,21
Գեղարքունիք,Ճամբարակ / Շորժա,գ. Շողակաթ մ/դ,4
Սյունիք,Գորիս / Շուռնուխ,գ. Շուռնուխի մ/դ,1
Սյունիք,Մեղրի / Շվանիձոր,գ. Շվանիձորի մ/դ,2
Կոտայք,Աբովյան / Ողջաբերդ,գ. Ողջաբերդի մ/դ,3
Արագածոտն,Թալին / Ոսկեթաս,գ. Ոսկեթասի մ/դ,2
Շիրակ,Ախուրյան / Ոսկեհասկ,գ. Ոսկեհասկի մ/դ,10
Արագածոտն,Աշտարակ / Ոսկեհատ,գ. Ոսկեհատի մ/դ,9
Արմավիր,Վաղարշապատ / Ոսկեհատ,գ. Ոսկեհատի մ/դ,17
Արագածոտն,Աշտարակ / Ոսկևազ,գ. Ոսկեվազի մ/դ,29
Արարատ,Արարատ / Ոսկետափ,գ. Ոսկետափի մ/դ,24
Տավուշ,Նոյեմբերյան / Ոսկևան,գ. Ոսկևանի մ/դ,4
Արարատ,Արտաշատ / Ոստան,գ. Ոստանի մ/դ,15
Սյունիք,Սիսիան / Ույծ,գ. Ույծի մ/դ,5
Արագածոտն,Աշտարակ / Ուշի,գ. Ուշիի մ/դ,11
Արագածոտն,Աշտարակ / Ուջան,գ. Ուջանի Զ.Անդրանիկի անվ. մ/դ,9
Լոռի,Ստեփանավան / Ուռուտ,գ. Ուռուտի մ/դ,5
Լոռի,Ստեփանավան / Ուրասար,գ. Ուրասարի հմ/դ,1
Արարատ,Արարատ / Ուրցաձոր,գ. Ուրծաձորի մ/դ,23
Տավուշ,Տավուշ / Չինարի,գ. Չինարիի մ/դ,5
Տավուշ,Տավուշ / Չինչին,գ. Չինչինի մ/դ,5
Վայոց Ձոր,Արենի / Չիվա,գ. Չիվայի մ/դ,4
Լոռի,Ալավերդի / Չկալով,գ. Չկալովի հմ/դ,1
Գեղարքունիք,Սևան / Չկալովկա,գ. Չկալովկաի մ/դ,3
Տավուշ,Տավուշ / Չորաթան,գ. Չորաթանի մ/դ,4
Արարատ,Արարատ / Պ. Սևակ,գ. Պ.Սևակի մ/դ,3
Տավուշ,Տավուշ / Պառավաքար,գ. Պառավաքարի մ/դ,5
Արագածոտն,Թալին / Պարտիզակ,գ. Պարտիզակի մ/դ,2
Շիրակ,Արթիկ / Պեմզաշեն,գ. Պեմզաշենի մ/դ,29
Լոռի,Ստեփանավան / Պուշկինո,գ. Պուշկինոյի հմ/դ,4
Կոտայք,Նաիրի / Պռոշյան,գ. Պռոշյանի Պ.Ղևոնդյանի անվ. մ/դ,31
Կոտայք,Աբովյան / Պտղնի,գ. Պտղնիի մ/դ,7
Արմավիր,Վաղարշապատ / Պտղունք,գ. Պտղունքի Տիգրան Մեծի անվ. մ/դ,7
Լոռի,Տաշիր / Պրիվոլնոյե,գ. Պրիվոլնոյեյի մ/դ,4
Գեղարքունիք,Վարդենիս / Ջաղացաձոր,գ. Ջաղացաձորի մ/դ,2
Արագածոտն,Արագած / Ջամշլու,գ. Ջամշլուի հմ/դ,1
Արմավիր,Արմավիր / Ջանֆիդա,գ. Ջանֆիդայի Էդ.Դաշտոյանի անվ. մ/դ,20
Շիրակ,Ախուրյան / Ջաջուռ,գ. Ջաջուռի մ/դ,3
Տավուշ,Նոյեմբերյան / Ջուջևան,գ. Ջուջևանի մ/դ,3
Կոտայք,Աբովյան / Ջրաբեր,գ. Ջրաբերի մ/դ,2
Արարատ,Մասիս / Ջրահովիտ,գ. Ջրահովտի մ/դ,6
Շիրակ,Ամասիա / Ջրաձոր,գ. Ջրաձորի մ/դ,3
Արարատ,Արտաշատ / Ջրաշեն,գ. Ջրաշենի մ/դ,15
Արմավիր,Արմավիր / Ջրաշեն,գ. Ջրաշենի մ/դ,3
Լոռի,Սպիտակ / Ջրաշեն,գ. Ջրաշենի մ/դ,22
Արմավիր,Արաքս / Ջրառատ,գ. Ջրառատի Թ.Խաչատրյանի անվ. մ/դ,22
Կոտայք,Հրազդան / Ջրառատ,գ. Ջրառատի մ/դ,4
Շիրակ,Ախուրյան / Ջրառատ,գ. Ջրառատի մ/դ,5
Արմավիր,Վաղարշապատ / Ջրարբի,գ. Ջրարբիի մ/դ,16
Շիրակ,Անի / Ջրափի,գ. Ջրափիի մ/դ,4
Կոտայք,Աբովյան / Ջրվեժ,գ. Ջրվեժի մ/դ,49
Արարատ,Մասիս / Ռանչպար,գ. Ռանչպարի մ/դ,13
Վայոց Ձոր,Եղեգնաձոր / Ռինդ,գ. Ռինդի մ/դ,6
Արագածոտն,Ալագյազ / Ռյա թազա,գ. Ռյա Թազայի մ/դ,3
Վայոց Ձոր,Եղեգնաձոր / Սալլի,գ. Սալիի հմ/դ,2
Սյունիք,Սիսիան / Սալվարդ,գ. Սալվարդի հմ/դ,2
Արարատ,Մասիս / Սայաթ-Նովա,գ. Սայաթ-Նովայի մ/դ,31
Սյունիք,Սիսիան / Սառնակունք,գ. Սառնակունքի մ/դ,1
Շիրակ,Անի / Սառնաղբյուր,գ. Սառնաղբյուրի մ/դ,15
Արագածոտն,Աշտարակ / Սասունիկ,գ. Սասունիկի մ/դ,12
Լոռի,Սպիտակ / Սարալանջ,գ. Սարալանջի hմ/դ,1
Կոտայք,Նաիրի / Սարալանջ,գ. Սարալանջի հմ/դ,2
Շիրակ,Արթիկ / Սարալանջ,գ. Սարալանջի մ/դ,7
Շիրակ,Անի / Սարակապ,գ. Սարակապի մ/դ,1
Լոռի,Սպիտակ / Սարահարթ,գ. Սարահարթի մ/դ,5
Լոռի,Սպիտակ / Սարամեջ,գ. Սարամեջի Մ. Ֆարմանյանի մ/դ,2
Շիրակ,Արթիկ / Սարատակ,գ. Սարատակի մ/դ,10
Լոռի,Տաշիր / Սարատովկա,գ. Սարատովկայի մ/դ,3
Արմավիր,Արմավիր / Սարդարապատ,գ. Սարդարապատի մ/դ,29
Տավուշ,Իջևան / Սարիգյուղ,գ. Սարիգյուղի մ/դ,5
Գեղարքունիք,Գավառ / Սարուխան,գ. Սարուխանի N2 մ/դ,14
Գեղարքունիք,Գավառ / Սարուխան,գ. Սարուխանի Հայկազ Խաչատրյանի անվ. հ․ 3 մ/դ,7
Գեղարքունիք,Գավառ / Սարուխան,գ. Սարուխանի հ․ 1 մ/դ,5
Լոռի,Տաշիր / Սարչապետ,գ. Սարչապետի մ/դ,9
Գեղարքունիք,Սևան / Սեմյոնովկա,գ. Սեմյոնովկայի հմ/դ,1
Շիրակ,Աշոցք / Սիզավետ,գ. Սիզավետի մ/դ,1
Արարատ,Արարատ / Սիսավան,գ. Սիսավանի մ/դ,19
Արարատ,Մասիս / Սիս,գ. Սիսի մ/դ,15
Արագածոտն,Արագած / Սիփան,գ. Սիփանի մ/դ,1
Արարատ,Մասիս / Սիփանիկ,գ. Սիփանիկի հմ/դ,3
Սյունիք,Կապան / Սյունիք,գ. Սյունիքի մ/դ,3
Գեղարքունիք,Վարդենիս / Սոթք,գ. Սոթքի մ/դ,4
Կոտայք,Հրազդան / Սոլակ,գ. Սոլակի մ/դ,15
Արագածոտն,Թալին / Սորիկ,գ. Սորիկի հմ/դ,1
Արագածոտն,Թալին / Սուսեր,գ. Սուսերի մ/դ,1
Արարատ,Արարատ / Սուրենավան,գ. Սուրենավանի մ/դ,24
Սյունիք,Սիսիան / Սպանդարյան,գ. Սպանդարյանի մ/դ,1
Շիրակ,Արթիկ / Սպանդարյան,գ. Սպանդարյանի Վիտյա Այվազյանի անվ. մ/դ,7
Սյունիք,Գորիս / Սվարանց,գ. Սվարանցի մ/դ,1
Լոռի,Ստեփանավան / Սվերդլով,գ. Սվերդլովի մ/դ,9
Տավուշ,Իջևան / Սևքար,գ. Սևքարի մ/դ,12
Գեղարքունիք,Մարտունի / Վերին Գետաշեն,գ. Վ. Գետաշենի հ․ 2 մ/դ,22
Գեղարքունիք,Մարտունի / Վերին Գետաշեն,գ. Վ. Գետաշենի հ․1 մ/դ,8
Տավուշ,Տավուշ / Ծաղկավան,գ. Վ. Ծաղկավանի մ/դ,1
Արարատ,Արտաշատ / Վերին Արտաշատ,գ. Վ.Արտաշատի մ/դ,23
Արարատ,Վերին դվին / Վերին Դվին,գ. Վ.Դվինի մ/դ,15
Տավուշ,Տավուշ / Վ. Կ. Աղբյուր,գ. Վ.Կ.Աղբյուրի մ/դ,7
Լոռի,Գուգարք / Վահագնաձոր,գ. Վահագնաձորի հմ/դ,2
Լոռի,Գուգարք / Վահագնի,գ. Վահագնի մ/դ,6
Գեղարքունիք,Ճամբարակ / Վահան,գ. Վահանի մ/դ,5
Գեղարքունիք,Մարտունի / Վաղաշեն,գ. Վաղաշենի մ/դ,20
Սյունիք,Սիսիան / Վաղատին,գ. Վաղատինի մ/դ,1
Սյունիք,Գորիս / Վաղատուր,գ. Վաղատուրի մ/դ,4
Արմավիր,Բաղրամյան / Վանանդ,գ. Վանանդի մ/դ,10
Արարատ,Արարատ / Վանաշեն,գ. Վանաշենի մ/դ,11
Գեղարքունիք,Վարդենիս / Վանևան,գ. Վանևանի մ/դ,7
Տավուշ,Տավուշ / Վարագավան,գ. Վարագավանի մ/դ,3
Արագածոտն,Արագած / Վարդաբլուր,գ. Վարդաբլուրի Խ.Աբովյանի անվ. մ/դ,1
Լոռի,Ստեփանավան / Վարդաբլուր,գ. Վարդաբլուրի մ/դ,5
Գեղարքունիք,Մարտունի / Վարդաձոր,գ. Վարդաձորի մ/դ,17
Արմավիր,Արմավիր / Վարդանաշեն,գ. Վարդանաշենի Մ․ Մինասյանի անվ․ մ/դ,15
Սյունիք,Մեղրի / Վարդանիձոր,գ. Վարդանիձորի մ/դ,1
Արարատ,Արտաշատ / Վարդաշեն,գ. Վարդաշենի մ/դ,16
Սյունիք,Կապան / Վարդավանք,գ. Վարդավանքի մ/դ,2
Շիրակ,Արթիկ / Վարդաքար,գ. Վարդաքարի մ/դ,2
Գեղարքունիք,Մարտունի / Վարդենիկ,գ. Վարդենիկի Ռ. Հովհաննիսյանի թիվ 1 հմ./դ,13
Գեղարքունիք,Մարտունի / Վարդենիկ,գ. Վարդենիկի Ա.Օհանյանի անվ. թիվ 2 հմ/դ,15
Գեղարքունիք,Մարտունի / Վարդենիկ,գ. Վարդենիկի կթհ ա/դ,11
Արագածոտն,Ապարան / Վարդենիս,գ. Վարդենիսի մ/դ,7
Արագածոտն,Ապարան / Վարդենուտ,գ. Վարդենուտի մ/դ,2
Գեղարքունիք,Սևան / Վարսեր,գ. Վարսերի Ռ. Պետրոսյանի անվ. մ/դ,8
Արագածոտն,Թալին / Վերին Բազմաբերդ,գ. Վերին Բազմաբերդի հմ/դ,3
Սյունիք,Կապան / Վերին Խոտանան,գ. Վերին Խոտանանի մ/դ,1
Կոտայք,Աբովյան / Վերին Պտղնի,գ. Վերին Պտղնիի մ/դ,7
Սյունիք,Գորիս / Վերիշեն,գ. Վերիշենի մ/դ,14
Վայոց Ձոր,Եղեգնաձոր / Վերնաշեն,գ. Վերնաշենի մ/դ,2
Սյունիք,Գորիս / Տաթև,գ. Տաթևի Սուրեն Առաքելյանի անվ. մ/դ,2
Արմավիր,Բաղրամյան / Տալվորիկ,գ. Տալվորիկի հմ/դ,2
Արմավիր,Արմավիր / Տանձուտ,գ. Տանձուտի մ/դ,12
Տավուշ,Տավուշ / Տավուշ,գ. Տավուշի մ/դ,8
Արմավիր,Վաղարշապատ / Տարոնիկ,գ. Տարոնիկի Գ. Գառնիկյանի անվ. մ/դ,15
Արարատ,Արարատ / Տափերական,գ. Տափերականի մ/դ,17
Սյունիք,Գորիս / Տեղ,գ. Տեղի թիվ 1 մ/դ,10
Սյունիք,Գորիս / Տեղ,գ. Տեղի թիվ 2 մ/դ,4
Սյունիք,Սիսիան / Տոլորս,գ. Տոլորսի մ/դ,7
Շիրակ,Արթիկ / Տուֆաշեն,գ. Տուֆաշենի մ/դ,1
Գեղարքունիք,Վարդենիս / Տրետուք,գ. Տրետուքի մ/դ,1
Արագածոտն,Թալին / Ցամաքասար,գ. Ցամաքասարի հմ/դ,4
Շիրակ,Աշոցք / Ցողամարգ,գ. Ցողամարգի մ/դ,2
Գեղարքունիք,Վարդենիս / Փամբակ,գ. Փամբակի մ/դ,1
Շիրակ,Արթիկ / Փանիկ,գ. Փանիկի մ/դ,9
Արմավիր,Վաղարշապատ / Փարաքարի,գ. Փարաքարի մ/դ,39
Արագածոտն,Աշտարակ / Փարպի,գ. Փարպիի Ղ.Փարպեցու անվ. մ/դ,9
Կոտայք,Հրազդան / Փյունիկ,գ. Փյունիկի մ/դ,2
Արմավիր,Արմավիր / Փշատավան,գ. Փշատավանի մ/դ,14
Շիրակ,Արթիկ / Փոքր Մանթաշ,գ. Փոքր Մանթաշի մ/դ,12
Գեղարքունիք,Վարդենիս / Փոքր Մասրիկ,գ. Փոքր Մասրիկի մ/դ,4
Շիրակ,Աշոցք / Փոքր Սարիար,գ. Փոքր Սարիարի մ/դ,2
Արարատ,Վեդի / Փոքր վեդի,գ. Փոքր Վեդու մ/դ,17
Կոտայք,Հրազդան / Քաղսի,գ. Քաղսի մ/դ,22
Արարատ,Արտաշատ / Քաղցրաշեն,գ. Քաղցրաշենի Սամվել Գևորգյանի անվ. մ/դ,11
Կոտայք,Նաիրի / Քանաքեռավան,գ. Քանաքեռավանի մ/դ,27
Կոտայք,Նաիրի / Քասախ,գ. Քասախի N1 մ/դ,44
Կոտայք,Նաիրի / Քասախ,գ. Քասախի Ա.Հովհաննիսյանի անվ. թիվ 2 մ/դ,12
Շիրակ,Անի / Քարաբերդ,գ. Քարաբերդի մ/դ,6
Վայոց Ձոր,Եղեգնաձոր / Քարագլուխ,գ. Քարագլխի մ/դ,4
Արմավիր,Բաղրամյան / Քարակերտ,գ. Քարակերտի թիվ 1 մ/դ,9
Արմավիր,Բաղրամյան / Քարակերտ,գ. Քարակերտի թիվ 2 մ/դ,7
Սյունիք,Գորիս / Քարահունջ,գ. Քարահունջի մ/դ,10
Լոռի,Սպիտակ / Քարաձոր,գ. Քարաձոր հմ/դ,1
Կոտայք,Նաիրի / Քարաշամբ,գ. Քարաշամբի մ/դ,6
Սյունիք,Գորիս / Քարաշեն,գ. Քարաշենի մ/դ,5
Լոռի,Ալավերդի / Քարինջ,գ. Քարինջի մ/դ,1
Շիրակ,Ախուրյան / Քեթի,գ. Քեթիի մ/դ,3
Արագածոտն,Ապարան / Քուչակ,գ. Քուչակի Մ. Նալբանդյանի մ/դ,13
Արագածոտն,Աշտարակ / Օհանավան,գ. Օհանավանի Ս.Ավետիսյանի անվ. մ/դ,16
Լոռի,Ալավերդի / Օձուն,գ. Օձունի թիվ 2 մ/դ,8
Լոռի,Ալավերդի / Օձուն,գ. Օձունի Հ. Օձնեցու անվ. թիվ 1 մ/դ,19
Արագածոտն,Աշտարակ / Օշական,գ. Օշականի Մ.Մաշտոցի անվ. մ/դ,26
Արագածոտն,Աշտարակ / Օշական,գ. Օշականի Փ.Բաբկենյանի անվ. հմ/դ,6
Արագածոտն,Աշտարակ / Օրգով,գ. Օրգովի մ/դ,1
Կոտայք,Հրազդան / Ֆանտան,գ. Ֆանտանի մ/դ,3
Լոռի,Գուգարք / Ֆիալետովո,գ. Ֆիոլետովոյի մ/դ,5
Արմավիր,Մեծամոր / Ալաշկերտ,գ.Ալաշկերտի Հ.Քոչարի անվ. մ/դ,15
Շիրակ,Անի / Անիավան,գ․ Անի կայարանի մ/դ,1
Շիրակ,Արթիկ / Արևշատ,գ․ Արևշատի մ/դ,12
Արագածոտն,Թալին / Արևուտ,գ․ Արևուտի հմ/դ,1
Շիրակ,Ախուրյան / Բայանդուր,գ․ Բայանդուրի մ/դ,3
Գեղարքունիք,Ճամբարակ / Ջիլ,գ․ Ջիլի մ/դ,7
Լոռի,Ալավերդի / Քարկոփ,գ․ Քարկոփի մ/դ,2
Տավուշ,Դիլիջան / Դիլիջան,Դիլիջանի կենտրոնական դպրոց,4
Երևան,Երևան / Կենտրոն,Էվրիկա դպրոց,17
Արագածոտն,Արագած / Կանաիաշիր,Կանիաշիրի հմ/դ,2
Տավուշ,Նոյեմբերյան / Կողբ,Կողբի Բ. Սահակյանի անվան թիվ 2 մ/դ,16
Լոռի,Վանաձոր / Վանաձոր,ՀԱՊՀ Վանաձորի մասնաճյուղի ավագ դպրոց,1
Երևան,Երևան / Մալաթիա,"ՀՀ ԿԳՆ «Երևանի «Մխիթար Սեբաստացի» կրթահամալիր» ՊՈԱԿ, Արևելյան դպրոց-պարտեզ",38
Երևան,Երևան / Մալաթիա,"ՀՀ ԿԳՆ «Երևանի «Մխիթար Սեբաստացի» կրթահամալիր» ՊՈԱԿ, Արևմտյան դպրոց-պարտեզ",43
Երևան,Երևան / Մալաթիա,"ՀՀ ԿԳՆ «Երևանի «Մխիթար Սեբաստացի» կրթահամալիր» ՊՈԱԿ, Հարավային դպրոց-պարտեզ",36
Երևան,Երևան / Մալաթիա,"ՀՀ ԿԳՆ «Երևանի «Մխիթար Սեբաստացի» կրթահամալիր» ՊՈԱԿ, Հյուսիսային դպրոց-պարտեզ",36
Տավուշ,Նոյեմբերյան / Ոսկեպար,ՀՀ Տավուշի մարզի Ոսկեպարի Հ.Բարսեղյանի անվան մ/դ ՊՈԱԿ,6
Երևան,Երևան / Նոր Նորք,Հրանտ Մաթևոսյանի անվան հիմնական դպրոց,12
Սյունիք,Քաջարան / Ձագիկավան,Ձագիկավանի մ/դ,5
Արագածոտն,Թալին / Ներքին Բազմաբերդ,Ներքին Բազմաբերդի Ե.Ասատրյանի անվան միջնակարգ դպրոց,3
Արագածոտն,Թալին / Նոր Արթիկ,Նոր Արթիկի Ս.Արսենյանի անվան միջնակարգ դպրոց,5
Երևան,Երևան / Արաբկիր,Ուսմունք դպրոց,23
Կոտայք,Հրազդան / Չարենցավան,Չարենցավան քաղաքի թիվ 2 հմ/դ,33
Շիրակ,Ախուրյան / Վահրամաբերդ,Վահրամաբերդի Հարություն Մկրտչյանի անվան միջնակարգ դպրոց,8
Կոտայք,Աբովյան / Աբովյան,ք. Աբովյանի թիվ 2 հմ/դ,83
Կոտայք,Աբովյան / Աբովյան,ք. Աբովյանի թիվ 7 հմ/դ,58
Կոտայք,Աբովյան / Աբովյան,ք. Աբովյանի Ն.Վանյանի անվ. թիվ 5 հմ/դ,47
Կոտայք,Աբովյան / Աբովյան,ք. Աբովյանի Ս․ Անտոնյանի անվան թիվ 8 հմ/դ,17
Կոտայք,Աբովյան / Աբովյան,ք. Աբովյանի Վ.Համբարձումյանի անվ. թիվ 10 հմ/դ,101
Սյունիք,Մեղրի / Ագարակ,ք. Ագարակի մ/դ,26
Լոռի,Ալավերդի / Ալավերդի,ք. Ալավերդու Կ. Դոլինյանի անվ. N11 մ/դ,1
Լոռի,Ալավերդի / Ալավերդի,ք. Ալավերդու Ե.Չարենցի անվ. թիվ 9 մ/դ,5
Լոռի,Ալավերդի / Ալավերդի,ք. Ալավերդու թիվ 12 հմ/դ,27
Լոռի,Ալավերդի / Ալավերդի,ք. Ալավերդու թիվ 4 հմ/դ,5
Լոռի,Ալավերդի / Ալավերդի,ք. Ալավերդու Հ.Թումանյանի անվ. թիվ 2 հմ/դ,25
Լոռի,Ալավերդի / Ալավերդի,ք. Ալավերդու Մ.Թանդիլյանի անվ. թիվ 10 հմ/դ,3
Լոռի,Ալավերդի / Ալավերդի,ք. Ալավերդու Մյասնիկյանի անվ. թիվ 7 մ/դ,2
Լոռի,Ալավերդի / Ալավերդի,ք. Ալավերդու Ս.Սպանդարյանի անվ. թիվ 1 հմ/դ,6
Լոռի,Ալավերդի / Ախթալա,ք. Ախթալայի թիվ 1 մ/դ,4
Լոռի,Ալավերդի / Ախթալա,ք. Ախթալայի թիվ 2 մ/դ,2
Արագածոտն,Աշտարակ / Աշտարակ,ք. Աշտարակի Գր.Ղափանցյանի անվ. թիվ 4 հմ/դ,30
Արագածոտն,Աշտարակ / Աշտարակ,ք. Աշտարակի Ն.Աշտարակեցու անվ. թիվ 1 հմ/դ,55
Արագածոտն,Աշտարակ / Աշտարակ,ք. Աշտարակի Պ.Պռոշյանի անվ. թիվ 3 հմ/դ,10
Արագածոտն,Աշտարակ / Աշտարակ,ք. Աշտարակի Ս.Շահազիզի անվ. թիվ 2 հմ/դ,21
Արագածոտն,Աշտարակ / Աշտարակ,ք. Աշտարակի Վ.Պետրոսյանի անվ. հմ/դ,46
Արագածոտն,Ապարան / Ապարան,ք. Ապարանի Հ. Ոսկանյանի անվան թիվ 2 հմ/դ,23
Արագածոտն,Ապարան / Ապարան,ք. Ապարանի Վ.Եղիազարյան անվ. թիվ 1 հմ/դ,20
Արարատ,Արարատ / Արարատ,ք. Արարատի N 5 մ/դ,37
Արարատ,Արարատ / Արարատ,ք. Արարատի թիվ 1 հմ/դ,21
Արարատ,Արարատ / Արարատ,ք. Արարատի թիվ 4 հմ/դ,45
Արարատ,Արարատ / Արարատ,ք. Արարատի Պ. Սևակի անվ. թիվ 2 հմ/դ,22
Շիրակ,Արթիկ / Արթիկ,ք. Արթիկի թիվ 1 հմ/դ,25
Շիրակ,Արթիկ / Արթիկ,ք. Արթիկի թիվ 2 հմ/դ,26
Շիրակ,Արթիկ / Արթիկ,ք. Արթիկի թիվ 4 հմ/դ,20
Շիրակ,Արթիկ / Արթիկ,ք. Արթիկի թիվ 5 հմ/դ,12
Շիրակ,Արթիկ / Արթիկ,ք. Արթիկի թիվ 6 հմ/դ,17
Շիրակ,Արթիկ / Արթիկ,ք. Արթիկի թիվ 8 հմ/դ,7
Արմավիր,Արմավիր / Արմավիր,ք. Արմավիրի Ա.Օզանյանի անվ. թիվ 5 հմ/դ,68
Արմավիր,Արմավիր / Արմավիր,ք. Արմավիրի թիվ 10 հմ/դ,13
Արմավիր,Արմավիր / Արմավիր,ք. Արմավիրի թիվ 3 հմ/դ,10
Արմավիր,Արմավիր / Արմավիր,ք. Արմավիրի թիվ 8 հմ/դ,60
Արմավիր,Արմավիր / Արմավիր,ք. Արմավիրի թիվ 9 հմ/դ,9
Արմավիր,Արմավիր / Արմավիր,ք. Արմավիրի Մ.Սիլիկյանի անվ. թիվ 6 հմ/դ,33
Արմավիր,Արմավիր / Արմավիր,ք. Արմավիրի Վ.Բախշյանի անվ. թիվ 2 հմ/դ,32
Արարատ,Արտաշատ / Արտաշատ,ք. Արտաշատի Ա.Գոլեցյանի անվ. թիվ 1 հմ/դ,60
Արարատ,Արտաշատ / Արտաշատ,ք. Արտաշատի թիվ 3 հմ/դ,30
Արարատ,Արտաշատ / Արտաշատ,ք. Արտաշատի թիվ 4 հմ/դ,27
Արարատ,Արտաշատ / Արտաշատ,ք. Արտաշատի թիվ 5 հմ/դ,51
Արարատ,Արտաշատ / Արտաշատ,ք. Արտաշատի Հ.Թումանյանի անվ. թիվ 2 հմ/դ,30
Տավուշ,Տավուշ / Բերդ,ք. Բերդի թիվ 1 հմ/դ,23
Տավուշ,Տավուշ / Բերդ,ք. Բերդի թիվ 3 հմ/դ,22
Տավուշ,Տավուշ / Բերդ,ք. Բերդի թիվ 4 հմ/դ,5
Կոտայք,Բյուրեղավան / Բյուրեղավան,ք. Բյուրեղավանի հմ/դ,65
Գեղարքունիք,Գավառ / Գավառ,ք. Գավառի Գեորգի Մնացականյանի թիվ 7 մ/դ,15
Գեղարքունիք,Գավառ / Գավառ,ք. Գավառի թիվ 1 հմ/դ,17
Գեղարքունիք,Գավառ / Գավառ,ք. Գավառի թիվ 2 մ/դ,18
Գեղարքունիք,Գավառ / Գավառ,ք. Գավառի Հ. Թումանյանի անվ. թիվ 3 հմ/դ,13
Գեղարքունիք,Գավառ / Գավառ,ք. Գավառի հ․ 4 հմ/դ,24
Գեղարքունիք,Գավառ / Գավառ,ք. Գավառի հ․ 5 հմ/դ,10
Գեղարքունիք,Գավառ / Գավառ,ք. Գավառի Մ. Բունիաթյանի անվ. հ․ 8 մ/դ,6
Շիրակ,Գյումրի / Գյումրի,ք. Գյումրու «Պրոգրես» համ.-ի հենակ. միջնակարգ(լրիվ) ընդ./դ,2
Շիրակ,Գյումրի / Գյումրի,ք. Գյումրու Գ.Սարյանի անվ. թիվ 24 հմ/դ,6
Շիրակ,Գյումրի / Գյումրի,ք. Գյումրու Գր.Լուսավորիչի անվ. թիվ 31 հմ/դ,14
Շիրակ,Գյումրի / Գյումրի,ք. Գյումրու թիվ 9 հմ/դ,19
Շիրակ,Գյումրի / Գյումրի,ք. Գյումրու թիվ 10 հմ/դ,19
Շիրակ,Գյումրի / Գյումրի,ք. Գյումրու թիվ 11 հմ/դ,67
Շիրակ,Գյումրի / Գյումրի,ք. Գյումրու թիվ 15 հմ/դ,22
Շիրակ,Գյումրի / Գյումրի,ք. Գյումրու թիվ 18 մ/դ,24
Շիրակ,Գյումրի / Գյումրի,ք. Գյումրու թիվ 19 հմ/դ,17
Շիրակ,Գյումրի / Գյումրի,ք. Գյումրու թիվ 20 հմ/դ,34
Շիրակ,Գյումրի / Գյումրի,ք. Գյումրու թիվ 23 մ/դ,57
Շիրակ,Գյումրի / Գյումրի,ք. Գյումրու թիվ 25 հմ/դ,43
Շիրակ,Գյումրի / Գյումրի,ք. Գյումրու թիվ 27 մ/դ,15
Շիրակ,Գյումրի / Գյումրի,ք. Գյումրու թիվ 28 հմ/դ,22
Շիրակ,Գյումրի / Գյումրի,ք. Գյումրու թիվ 29 հմ/դ,21
Շիրակ,Գյումրի / Գյումրի,ք. Գյումրու թիվ 30 հմ/դ,7
Շիրակ,Գյումրի / Գյումրի,ք. Գյումրու թիվ 32 հմ/դ,20
Շիրակ,Գյումրի / Գյումրի,ք. Գյումրու թիվ 38 հմ/դ,19
Շիրակ,Գյումրի / Գյումրի,ք. Գյումրու թիվ 4 հմ/դ,14
Շիրակ,Գյումրի / Գյումրի,ք. Գյումրու թիվ 40 հմ/դ,13
Շիրակ,Գյումրի / Գյումրի,ք. Գյումրու թիվ 41 հմ/դ,46
Շիրակ,Գյումրի / Գյումրի,ք. Գյումրու թիվ 43 հմ/դ,1
Շիրակ,Գյումրի / Գյումրի,ք. Գյումրու թիվ 45 մ/դ,18
Շիրակ,Գյումրի / Գյումրի,ք. Գյումրու թիվ 5 հմ/դ,12
Շիրակ,Գյումրի / Գյումրի,ք. Գյումրու թիվ 7 հմ/դ,67
Շիրակ,Գյումրի / Գյումրի,ք. Գյումրու թիվ 8 մ/դ,13
Շիրակ,Գյումրի / Գյումրի,ք. Գյումրու համար 6 հիմնական,24
Շիրակ,Գյումրի / Գյումրի,ք. Գյումրու Օյունջյան մ/դ վարժարան,44
Սյունիք,Գորիս / Գորիս,ք. Գորիսի Ա.Բակունցի անվ. թիվ 1 ա/դ,48
Սյունիք,Գորիս / Գորիս,ք. Գորիսի թիվ 2 հմ/դ,20
Սյունիք,Գորիս / Գորիս,ք. Գորիսի թիվ 5 հմ/դ,15
Սյունիք,Գորիս / Գորիս,ք. Գորիսի Յու.Բախշյանի անվ. թիվ 3 հմ/դ,42
Սյունիք,Գորիս / Գորիս,ք. Գորիսի Ս.Խանզադյանի անվ. թիվ 6 հմ/դ,17
Տավուշ,Դիլիջան / Դիլիջան,ք. Դիլիջանի թիվ 2 հմ/դ,36
Տավուշ,Դիլիջան / Դիլիջան,ք. Դիլիջանի թիվ 4 հմ/դ,31
Տավուշ,Դիլիջան / Դիլիջան,ք. Դիլիջանի թիվ 6 հմ/դ,2
Տավուշ,Դիլիջան / Դիլիջան,ք. Դիլիջանի Վ Անանյանի անվ. մ/դ,12
Վայոց Ձոր,Եղեգնաձոր / Եղեգնաձոր,ք. Եղեգնաձորի թիվ 1 հմ/դ,36
Վայոց Ձոր,Եղեգնաձոր / Եղեգնաձոր,ք. Եղեգնաձորի Հ.Հովհաննիսյանի անվ. թիվ 2 հմ/դ,43
Կոտայք,Նաիրի / Եղվարդ,ք. Եղվարդի թիվ 3 հմ/դ,34
Կոտայք,Նաիրի / Եղվարդ,ք. Եղվարդի Հ.Թադևոսյանի անվ. թիվ 2 հմ/դ,53
Երևան,Երևան / Աջափնյակ,ք. Երևանի «Ադամյան դպրոց» ՍՊԸ,6
Երևան,Երևան / Կենտրոն,ք. Երևանի «ԱԻՍ ԳՐՈՒՊ» ՍՊԸ,4
Երևան,Երևան / Արաբկիր,ք. Երևանի «Այբ կրթական հանգույց» հիմնադրամ,19
Երևան,Երևան / Նոր Նորք,ք. Երևանի «Անտիկյան կրթարան» հմ/դ,1
Երևան,Երևան / Արաբկիր,ք. Երևանի «Արգենտինյան Հանրապետություն» թիվ 76 հմ/դ,27
Երևան,Երևան / Կենտրոն,ք. Երևանի «Արեգնազան» կթհ.,14
Երևան,Երևան / Քանաքեռ - Զեյթուն,ք. Երևանի «Բյուրակն» կթհ.,7
Երևան,Երևան / Ավան,ք. Երևանի «Գերմիոնա» կթհ.,2
Երևան,Երևան / Կենտրոն,ք. Երևանի «Գիտակ» ստեղծագործական կենտրոն,6
Երևան,Երևան / Կենտրոն,ք. Երևանի «Գլոբալ Բրիջ» ՍՊԸ,19
Երևան,Երևան / Մալաթիա,ք. Երևանի «Երևակ» կթհ.,7
Երևան,Երևան / Կենտրոն,ք. Երևանի «ՀԱՅ ԱՍՊԵՏ» Կրթադաստիարակչական բարեգործական հիմնադրամ,15
Երևան,Երևան / Մալաթիա,ք. Երևանի «Հայ կրթություն» կրթական հիմնադրամ,43
Երևան,Երևան / Քանաքեռ - Զեյթուն,ք. Երևանի «Հայաստանում եվրոպական վարժարան» հիմնադրամ,24
Երևան,Երևան / Աջափնյակ,ք. Երևանի «Շ.Շահամիրյան» կթհ.,3
Երևան,Երևան / Քանաքեռ - Զեյթուն,ք. Երևանի «Ուսում» մ/դ,36
Երևան,Երևան / Շենգավիթ,ք. Երևանի «Ռոբերտ Ազարյան» hմ/դ,3
Երևան,Երևան / Կենտրոն,ք. Երևանի «Ռոսիա» հասարակական կազմակերպության «Սլավյանսկայա» մ/դ,13
Երևան,Երևան / Նոր Նորք,ք. Երևանի «Վարդանանց ասպետներ» թիվ 106 հմ/դ,54
Երևան,Երևան / Նոր Նորք,ք. Երևանի «Վարդանանք» կրթահամալիր,16
Երևան,Երևան / Մալաթիա,ք. Երևանի «Տաթև» մ/դ,25
Երևան,Երևան / Կենտրոն,ք. Երևանի «Փոքրիկ Իշխան» գիտափորձարարական կթհ.,13
Երևան,Երևան / Շենգավիթ,ք. Երևանի «Քվանտ» վարժ.,29
Երևան,Երևան / Նորք - Մարաշ,ք. Երևանի «Օլիմպոս» Կրթահամալիր - ավագ դպրոց,7
Երևան,Երևան / Ավան,ք. Երևանի «Օհանյան» կթհ.,53
Երևան,Երևան / Նորք - Մարաշ,ք. Երևանի Ա.Արմենակյանի անվ. թիվ 26 հմ/դ,17
Երևան,Երևան / Կենտրոն,ք. Երևանի Ա.Խանջյանի անվ. թիվ 53 հմ/դ,24
Երևան,Երևան / Էրեբունի,ք. Երևանի Ա.Հովհաննիսյանի անվ. թիվ 194 հմ/դ,83
Երևան,Երևան / Դավիթաշեն,ք. Երևանի Ա.Մանուկյանի անվ. թիվ 93 մ/դ,31
Երևան,Երևան / Նոր Նորք,ք. Երևանի Ա.Միկոյանի անվ. թիվ 166 հմ/դ,73
Երևան,Երևան / Դավիթաշեն,ք. Երևանի Ա.Նավասարդյանի անվ. թիվ 196 հմ/դ,97
Երևան,Երևան / Կենտրոն,ք. Երևանի Ա.Չեխովի անվ. թիվ 55 հմ/դ,62
Երևան,Երևան / Կենտրոն,ք. Երևանի Ա.Պուշկինի անվ. թիվ 8 հմ/դ,80
Երևան,Երևան / Շենգավիթ,ք. Երևանի Ալ. Մյասնիկյանի անվ. թիվ 66 հմ/դ,34
Երևան,Երևան / Աջափնյակ,ք. Երևանի Ալ.Բլոկի անվ. թիվ 122 հմ/դ,39
Երևան,Երևան / Արաբկիր,ք. Երևանի Ալ.Շիրվանզադեի անվ. թիվ 21 հմ/դ,49
Երևան,Երևան / Նորք - Մարաշ,ք. Երևանի Արգիշտի Առաջին արքայի անվ. թիվ 61 hմ/դ,8
Երևան,Երևան / Էրեբունի,ք. Երևանի Ա․ Հարությունյանի անվ․ թիվ 49 հմ/դ,14
Երևան,Երևան / Նոր Նորք,ք. Երևանի Գ. Ադդարյանի անվ. թիվ 133 հմ/դ,31
Երևան,Երևան / Շենգավիթ,ք. Երևանի Գ. Նժդեհի անվ. թիվ 161 հմ/դ,43
Երևան,Երևան / Նոր Նորք,ք. Երևանի Գ.Բաղյանի անվ. թիվ 141 հմ/դ,22
Երևան,Երևան / Մալաթիա,ք. Երևանի Գ.Մահարու անվ. թիվ 176 հմ/դ,66
Երևան,Երևան / Շենգավիթ,ք. Երևանի Գ.Նարեկացու անվ. թիվ 137 հմ/դ,60
Երևան,Երևան / Նոր Նորք,ք. Երևանի Գ.Ստեփանյանի անվ. թիվ 135 հմ/դ,95
Երևան,Երևան / Դավիթաշեն,ք. Երևանի Գևորգ Վարդանյանի անվ. թիվ 192 հմ/դ,65
Երևան,Երևան / Աջափնյակ,ք. Երևանի Գ․ Արշակյանի անվան թիվ 22 հմ/դ,25
Երևան,Երևան / Նոր Նորք,ք. Երևանի Գ․ Գուրզադյանի անվան թիվ 163 հմ/դ,27
Երևան,Երևան / Աջափնյակ,ք. Երևանի Դ. Սարապյանի անվ. թիվ 100 հմ/դ,22
Երևան,Երևան / Շենգավիթ,ք. Երևանի Դ.Դեմիրճյանի անվ. թիվ 27 հմ/դ,29
Երևան,Երևան / Մալաթիա,ք. Երևանի Դ.Հովսեփյանի անվ. թիվ 191 հմ/դ,40
Երևան,Երևան / Մալաթիա,ք. Երևանի Դ.Վարուժանի անվ. թիվ 89 հմ/դ,88
Երևան,Երևան / Կենտրոն,ք. Երևանի Ե.Չարենցի անվ. թիվ 67 հմ/դ,48
Երևան,Երևան / Աջափնյակ,ք. Երևանի Զ․Խալափյանի անվ․ հ․ 156 հմ/դ,12
Երևան,Երևան / Մալաթիա,ք. Երևանի Է.Բոյաջյանի անվ. թիվ 121 հմ/դ,11
Երևան,Երևան / Կենտրոն,ք. Երևանի Թելմանի անվ. թիվ 13 հմ/դ,8
Երևան,Երևան / Ավան,ք. Երևանի թիվ 87 մ/դ,45
Երևան,Երևան / Էրեբունի,ք. Երևանի թիվ 101 մ/դ,9
Երևան,Երևան / Աջափնյակ,ք. Երևանի թիվ 102 հմ/դ,13
Երևան,Երևան / Ավան,ք. Երևանի թիվ 104 հմ/դ,54
Երևան,Երևան / Էրեբունի,ք. Երևանի թիվ 107 մ/դ,8
Երևան,Երևան / Աջափնյակ,ք. Երևանի թիվ 108 մ/դ,51
Երևան,Երևան / Շենգավիթ,ք. Երևանի թիվ 110 հմ/դ,10
Երևան,Երևան / Մալաթիա,ք. Երևանի թիվ 116 հմ/դ,35
Երևան,Երևան / Էրեբունի,ք. Երևանի թիվ 120 հմ/դ,8
Երևան,Երևան / Կենտրոն,ք. Երևանի թիվ 13 երաժշտական մգ.մ/դ,4
Երևան,Երևան / Նոր Նորք,ք. Երևանի թիվ 134 հմ/դ,22
Երևան,Երևան / Քանաքեռ - Զեյթուն,ք. Երևանի թիվ 136 հմ/դ,23
Երևան,Երևան / Արաբկիր,ք. Երևանի թիվ 14 հտ.մ/դ,1
Երևան,Երևան / Շենգավիթ,ք. Երևանի թիվ 140 հմ/դ,15
Երևան,Երևան / Շենգավիթ,ք. Երևանի թիվ 144 հմ/դ,7
Երևան,Երևան / Քանաքեռ - Զեյթուն,ք. Երևանի թիվ 147 հմ/դ,48
Երևան,Երևան / Մալաթիա,ք. Երևանի թիվ 152 հմ/դ,20
Երևան,Երևան / Շենգավիթ,ք. Երևանի թիվ 154 հմ/դ,52
Երևան,Երևան / Նորք - Մարաշ,ք. Երևանի թիվ 157 հմ/դ,9
Երևան,Երևան / Էրեբունի,ք. Երևանի թիվ 160 հմ/դ,71
Երևան,Երևան / Մալաթիա,ք. Երևանի թիվ 162 հմ/դ,80
Երևան,Երևան / Էրեբունի,ք. Երևանի թիվ 167 հմ/դ,19
Երևան,Երևան / Աջափնյակ,ք. Երևանի թիվ 168 հմ/դ,89
Երևան,Երևան / Նոր Նորք,ք. Երևանի թիվ 17 հտ.հմ/դ,6
Երևան,Երևան / Մալաթիա,ք. Երևանի թիվ 174 հմ/դ,83
Երևան,Երևան / Նուբարաշեն,ք. Երևանի թիվ 175 մ/դ,34
Երևան,Երևան / Էրեբունի,ք. Երևանի թիվ 178 հմ/դ,11
Երևան,Երևան / Մալաթիա,ք. Երևանի թիվ 179 հմ/դ,14
Երևան,Երևան / Մալաթիա,ք. Երևանի թիվ 181 հմ/դ,124
Երևան,Երևան / Աջափնյակ,ք. Երևանի թիվ 185 հմ/դ,23
Երևան,Երևան / Նոր Նորք,ք. Երևանի թիվ 186 հմ/դ,45
Երևան,Երևան / Նոր Նորք,ք. Երևանի թիվ 187 մ/դ,27
Երևան,Երևան / Աջափնյակ,ք. Երևանի թիվ 188 հմ/դ,37
Երևան,Երևան / Նոր Նորք,ք. Երևանի թիվ 197 հմ/դ,54
Երևան,Երևան / Շենգավիթ,ք. Երևանի թիվ 31 հմ/դ,13
Երևան,Երևան / Էրեբունի,ք. Երևանի թիվ 45 հմ/դ,11
Երևան,Երևան / Շենգավիթ,ք. Երևանի թիվ 50 հմ/դ,7
Երևան,Երևան / Էրեբունի,ք. Երևանի թիվ 64 հմ/դ,23
Երևան,Երևան / Շենգավիթ,ք. Երևանի թիվ 75 հմ/դ,24
Երևան,Երևան / Մալաթիա,ք. Երևանի թիվ 91 հմ/դ,11
Երևան,Երևան / Շենգավիթ,ք. Երևանի թիվ 98 հմ/դ,41
Երևան,Երևան / Շենգավիթ,ք. Երևանի թիվ 99 միջնակարգ դպրոց,35
Երևան,Երևան / Աջափնյակ,ք. Երևանի թիվ Ռ. Իշխանյանի անվ.153 հմ/դ,35
Երևան,Երևան / Աջափնյակ,ք. Երևանի Լ. Միրիջանյանի անվ. թիվ 155 հմ/դ,92
Երևան,Երևան / Կենտրոն,ք. Երևանի Լ.Շանթի անվ. թիվ 4 հմ/դ,10
Երևան,Երևան / Արաբկիր,ք. Երևանի Լ.Տոլստոյի անվ. թիվ 128 հմ/դ,25
Երևան,Երևան / Նորք - Մարաշ,ք. Երևանի լսողության խանգարումներ ունեցող երե. հատուկ կրթահամալիր,2
Երևան,Երևան / Դավիթաշեն,ք. Երևանի Լ․ Ազգալդյանի անվան թիվ 200 հմ/դ,80
Երևան,Երևան / Կենտրոն,ք. Երևանի Խ.Աբովյանի անվ. թիվ 2 հմ/դ,53
Երևան,Երևան / Քանաքեռ - Զեյթուն,ք. Երևանի Խ.Աբովյանի անվ. թիվ 84 հմ/դ,49
Երևան,Երևան / Կենտրոն,ք. Երևանի Խ.Աբովյանի անվ. ՀՊՄՀ հենակետային թիվ 57 հմ/դ,33
Երևան,Երևան / Էրեբունի,ք. Երևանի Խ.Սամուելյանի անվ. թիվ 47 մ/դ,27
Երևան,Երևան / Կենտրոն,ք. Երևանի Խրիմյան Հայրիկի անվ. թիվ 10 հմ/դ,12
Երևան,Երևան / Ավան,ք. Երևանի Կարեն․ Ասրյանի անվ․ թիվ 171 հմ/դ,66
Երևան,Երևան / Քանաքեռ - Զեյթուն,ք. Երևանի Կոստան Զարյանի անվ. թիվ 117 հմ/դ,34
Երևան,Երևան / Աջափնյակ,ք. Երևանի Հ. Մորգենթաուի անվ. թիվ 126 հմ/դ,6
Երևան,Երևան / Շենգավիթ,ք. Երևանի Հ. Շիրազի անվ. թիվ 169 հմ/դ,33
Երևան,Երևան / Շենգավիթ,ք. Երևանի Հ.Ավետիսյանի անվ. թիվ 74 հմ/դ,18
Երևան,Երևան / Շենգավիթ,ք. Երևանի Հ.Թումանյանի անվ. թիվ 32 հմ/դ,7
Երևան,Երևան / Արաբկիր,ք. Երևանի Հ.Իսակովի անվ. թիվ 132 հմ/դ,56
Երևան,Երևան / Դավիթաշեն,ք. Երևանի Հ.Խաչատրյանի անվ. թիվ 199 հմ/դ,47
Երևան,Երևան / Էրեբունի,ք. Երևանի Հ.Կարապենցի անվ. թիվ 6 հմ/դ,46
Երևան,Երևան / Արաբկիր,ք. Երևանի Հ.Հայրապետյանի անվ. թիվ 78 հմ/դ,23
Երևան,Երևան / Շենգավիթ,ք. Երևանի Հ.Հովհաննիսյանի անվ. թիվ 52 հմ/դ,34
Երևան,Երևան / Քանաքեռ - Զեյթուն,ք. Երևանի Հ.Պարոնյանի անվ. թիվ 59 հմ/դ,12
Երևան,Երևան / Արաբկիր,ք. Երևանի Հ.Պողոսյանի անվան թիվ 82 հմ/դ,45
Երևան,Երևան / Էրեբունի,ք. Երևանի Հ.Սահյանի անվ. թիվ 70 հմ/դ,10
Երևան,Երևան / Արաբկիր,ք. Երևանի Հ.Օշականի անվ. թիվ 172 հմ/դ,27
Երևան,Երևան / Կենտրոն,ք. Երևանի Հակոբ Կոջոյանի անվ. կրթահամալիր,10
Երևան,Երևան / Արաբկիր,ք. Երևանի Հայկ Բժշկյանցի անվ. թիվ 129 հմ/դ,16
Երևան,Երևան / Քանաքեռ - Զեյթուն,ք. Երևանի Հրանտ Դինքի անվ. թիվ 44 հմ/դ,41
Երևան,Երևան / Կենտրոն,ք. Երևանի Հ․ Բաղրամյանի անվ․ թիվ 39 հմ/դ,10
Երևան,Երևան / Արաբկիր,ք. Երևանի Ղ.Աղայանի անվ. թիվ 63 հմ/դ,11
Երևան,Երևան / Նուբարաշեն,ք. Երևանի Ղևոնդ Ալիշանի անվ. թիվ 95 մ/դ,46
Երևան,Երևան / Շենգավիթ,ք. Երևանի Մ.Գորգիսյանի անվ. թիվ 158 հմ/դ,35
Երևան,Երևան / Կենտրոն,ք. Երևանի Մ.Իշխանի անվ. թիվ 5 հմ/դ,8
Երևան,Երևան / Նոր Նորք,ք. Երևանի Մ.Խորենացու անվ. 143 հմ/դ,49
Երևան,Երևան / Քանաքեռ - Զեյթուն,ք. Երևանի Մ.Մանուշյանի անվ. թիվ 48 հմ/դ,36
Երևան,Երևան / Աջափնյակ,ք. Երևանի Մ.Մեծարենցի անվ. թիվ 146 հմ/դ,21
Երևան,Երևան / Էրեբունի,ք. Երևանի Մ.Մխոյանի անվ. թիվ 68 հմ/դ,12
Երևան,Երևան / Կենտրոն,ք. Երևանի Մ.Նալբանդյանի անվ. թիվ 33 հմ/դ,25
Երևան,Երևան / Շենգավիթ,ք. Երևանի Մ.Սարյանի անվ. թիվ 86 հմ/դ,21
Երևան,Երևան / Մալաթիա,ք. Երևանի Մոնթե Մելքոնյանի անվ.թիվ 11 հմ/դ,102
Երևան,Երևան / Շենգավիթ,ք. Երևանի Մովսես Ջանբազյանի անվ. թիվ 79 հմ/դ,25
Երևան,Երևան / Շենգավիթ,ք. Երևանի Մուրացանի անվ. թիվ 18 հմ/դ,33
Երևան,Երևան / Նուբարաշեն,ք. Երևանի մտավոր թերզարգացում ունեցող երեխաների N 11 հատուկ /օժանդակ/ դպրոց,4
Երևան,Երևան / Կենտրոն,ք. Երևանի Մ․ Մաշտոցի անվ․ երկարօրյա ուս․ համալիր,36
Երևան,Երևան / Նոր Նորք,ք. Երևանի Յ.Լեփսիուսի անվ. թիվ 88 հմ/դ,38
Երևան,Երևան / Կենտրոն,ք. Երևանի Ն.Աղբալյանի անվ. թիվ 19 հմ/դ,60
Երևան,Երևան / Արաբկիր,ք. Երևանի Ն.Զարյանի անվ. թիվ 130 հմ/դ,37
Երևան,Երևան / Մալաթիա,ք. Երևանի Ն.Խաչատրյանի անվ. թիվ 113 մ/դ,50
Երևան,Երևան / Ավան,ք. Երևանի Ն.Մեծի անվ. թիվ 124 հմ/դ,23
Երևան,Երևան / Նոր Նորք,ք. Երևանի Ն.Սաֆարյանի անվ. թիվ 164 հմ/դ,53
Երևան,Երևան / Էրեբունի,ք. Երևանի Ն.Վ. Գոգոլի անվան հմ. 35 հմ/դ,87
Երևան,Երևան / Կենտրոն,ք. Երևանի Նար-Դոսի անվ. թիվ 14 հմ/դ,16
Երևան,Երևան / Կենտրոն,ք. Երևանի Նելսոն Ստեփանյանի անվ. h. 71 հմ/դ,50
Երևան,Երևան / Աջափնյակ,ք. Երևանի Պ.Յավորովի անվ. թիվ 131 հմ/դ,78
Երևան,Երևան / Կենտրոն,ք. Երևանի Պ.Չայկովսկու անվ. մասնագիտացված մ/դ,1
Երևան,Երևան / Էրեբունի,ք. Երևանի Պ.Սևակի անվ. թիվ 123 հմ/դ,38
Երևան,Երևան / Աջափնյակ,ք. Երևանի Ջ. Աբրահամյանի անվ. թիվ 111 հմ/դ,11
Երևան,Երևան / Կենտրոն,ք. Երևանի Ջոն Կիրակոսյանի անվ. թիվ 20 հմ/դ,30
Երևան,Երևան / Արաբկիր,ք. Երևանի Ռ.Միրոյանի անվ. թիվ 77 հմ/դ,55
Երևան,Երևան / Արաբկիր,ք. Երևանի Ռ.Սևակի անվ. թիվ151 հմ/դ,26
Երևան,Երևան / Նոր Նորք,ք. Երևանի Ռուբեն Սարգսյանի անվ․ «Էվրիստա» մ/դ,14
Երևան,Երևան / Քանաքեռ - Զեյթուն,ք. Երևանի Ս.Բյուրատի անվ. թիվ 125 հմ/դ,58
Երևան,Երևան / Արաբկիր,ք. Երևանի Ս.Կապուտիկյանի անվ. թիվ 145 հմ/դ,8
Երևան,Երևան / Քանաքեռ - Զեյթուն,ք. Երևանի Ս.Շահմուրադյանի անվ. թիվ 85 հմ/դ,5
Երևան,Երևան / Կենտրոն,ք. Երևանի Ս.Սպանդարյանի անվ. թիվ 24 հմ/դ,22
Երևան,Երևան / Շենգավիթ,ք. Երևանի Սախարովի անվ. թիվ 69 հմ/դ,39
Երևան,Երևան / Արաբկիր,ք. Երևանի Ստ.Զորյանի անվ. թիվ 56 հմ/դ,66
Երևան,Երևան / Կենտրոն,ք. Երևանի Ստ.Շահումյանի անվ. թիվ 1 հմ/դ,18
Երևան,Երևան / Ավան,ք. Երևանի Ստարովոյտովայի անվ. թիվ 177 հմ/դ,52
Երևան,Երևան / Էրեբունի,ք. Երևանի Ստ․ Լիսիցյանի անվ. թիվ 34 հմ/դ,7
Երևան,Երևան / Մալաթիա,ք. Երևանի Վ.Զատիկյանի անվ. թիվ 90 հմ/դ,27
Երևան,Երևան / Մալաթիա,ք. Երևանի Վ.Թեքեյանի անվ. թիվ 92 հմ/դ,16
Երևան,Երևան / Շենգավիթ,ք. Երևանի Վ.Համբարձումյանի անվ. թիվ 12 հմ/դ,68
Երևան,Երևան / Էրեբունի,ք. Երևանի Վ.Համբարձումյանի անվ. թիվ 17 հմ/դ,17
Երևան,Երևան / Կենտրոն,ք. Երևանի Վ.Մայակովսկու անվ. թիվ 7 հմ/դ,34
Երևան,Երևան / Արաբկիր,ք. Երևանի Վ.Պետրոսյանի անվ. թիվ 51 հմ/դ,68
Երևան,Երևան / Աջափնյակ,ք. Երևանի Վ.Սարոյանի անվ. թիվ 138 հմ/դ,14
Երևան,Երևան / Շենգավիթ,ք. Երևանի Վ.Վարդևանյանի անվ. թիվ 173 հմ/դ,19
Երևան,Երևան / Էրեբունի,ք. Երևանի Վ.Տերյանի անվ. թիվ 60 հմ/դ,55
Երևան,Երևան / Կենտրոն,ք. Երևանի Վաղարշ Վաղարշյանի անվ. թիվ 80 հմ/դ,25
Երևան,Երևան / Արաբկիր,ք. Երևանի Վ․ Դավթյանի անվան թիվ 37 հմ/դ,8
Երևան,Երևան / Շենգավիթ,ք. Երևանի Վ․Գ․Բելինսկու անվ. թիվ 38 հմ/դ,62
Երևան,Երևան / Արաբկիր,ք. Երևանի Րաֆֆու անվան թիվ 36 հմ/դ,28
Երևան,Երևան / Նոր Նորք,Ք. Երևանի Ֆ. Նանսենի անվ. թիվ 150 հմ/դ,67
Արագածոտն,Թալին / Թալին,ք. Թալինի թիվ 2 հմ/դ,14
Արագածոտն,Թալին / Թալին,ք. Թալինի Մ. Արսլանյանի անվան թիվ 1 հիմնական դպրոց,10
Շիրակ,Աշոցք / Թորոսգյուղ,ք. Թորոսգյուղի մ/դ,1
Լոռի,Ալավերդի / Թումանյան,ք. Թումանյանի Խ.Աբովյանի անվ. մ/դ,5
Տավուշ,Իջևան / Իջևան,ք. Իջևանի Գ.Էդիլյան անվ. թիվ 3 հմ/դ,24
Տավուշ,Իջևան / Իջևան,ք. Իջևանի թիվ 4 հմ/դ,40
Տավուշ,Իջևան / Իջևան,ք. Իջևանի թիվ 5 հմ/դ,54
Տավուշ,Իջևան / Իջևան,ք. Իջևանի Ս.Սարգսյանի անվ. թիվ 1 հմ/դ,29
Կոտայք,Հրազդան / Ծաղկաձոր,ք. Ծաղկաձորի մ/դ,7
Սյունիք,Կապան / Կապան,ք. Կապանի թիվ 1 հմ/դ,23
Սյունիք,Կապան / Կապան,ք. Կապանի թիվ 10 մ/դ,14
Սյունիք,Կապան / Կապան,ք. Կապանի թիվ 11 մ/դ,3
Սյունիք,Կապան / Կապան,ք. Կապանի թիվ 12 հմ/դ,2
Սյունիք,Կապան / Կապան,ք. Կապանի թիվ 13 հմ/դ,21
Սյունիք,Կապան / Կապան,ք. Կապանի թիվ 3 հտ/կթհ,6
Սյունիք,Կապան / Կապան,ք. Կապանի թիվ 3 մ/դ,43
Սյունիք,Կապան / Կապան,ք. Կապանի թիվ 4 մ/դ,1
Սյունիք,Կապան / Կապան,ք. Կապանի թիվ 5 հմ/դ,26
Սյունիք,Կապան / Կապան,ք. Կապանի թիվ 6 հմ/դ,41
Սյունիք,Կապան / Կապան,ք. Կապանի թիվ 7 հմ/դ,45
Սյունիք,Կապան / Կապան,ք. Կապանի թիվ 8 մ/դ,7
Կոտայք,Հրազդան / Հրազդան,ք. Հրազդանի Ա.Իսահակյանի անվ. թիվ 9 հմ/դ,14
Կոտայք,Հրազդան / Հրազդան,ք. Հրազդանի Ա.Շիրակացու անվ. թիվ 6 հմ/դ,17
Կոտայք,Հրազդան / Հրազդան,ք. Հրազդանի Ասքանազ Մռավյանի անվ. թիվ 4 հմ/դ,27
Կոտայք,Հրազդան / Հրազդան,ք. Հրազդանի թիվ 14 հմ/դ,33
Կոտայք,Հրազդան / Հրազդան,ք. Հրազդանի թիվ 2 հմ/դ,25
Կոտայք,Հրազդան / Հրազդան,ք. Հրազդանի թիվ 7 մ/դ,4
Կոտայք,Հրազդան / Հրազդան,ք. Հրազդանի Հ. Թումանյանի անվան թիվ 5 հմ/դ,28
Կոտայք,Հրազդան / Հրազդան,ք. Հրազդանի Հ.Պարոնյանի անվ. թիվ 12 հմ/դ,45
Կոտայք,Հրազդան / Հրազդան,ք. Հրազդանի Պ.Սևակի անվ. թիվ 8 հմ/դ,49
Կոտայք,Հրազդան / Հրազդան,ք. Հրազդանի Վ.Սարոյանի անվ. թիվ 11 հմ/դ,70
Գեղարքունիք,Ճամբարակ / Ճամբարակ,ք. Ճամբարակի թիվ 1հմ/դ,15
Գեղարքունիք,Ճամբարակ / Ճամբարակ,ք. Ճամբարակի թիվ 2 հմ/դ,18
Գեղարքունիք,Ճամբարակ / Ճամբարակ,ք. Ճամբարակի թիվ 4 մ/դ,5
Արարատ,Մասիս / Մասիս,ք. Մասիսի թիվ 2 հմ/դ,50
Արարատ,Մասիս / Մասիս,ք. Մասիսի թիվ 3 հմ/դ,45
Արարատ,Մասիս / Մասիս,ք. Մասիսի թիվ 4 հմ/դ,12
Արարատ,Մասիս / Մասիս,ք. Մասիսի թիվ 6 հմ/դ,10
Արարատ,Մասիս / Մասիս,ք. Մասիսի Մ․ Մաշտոցի անվ. N 1 հմ/դ,46
Շիրակ,Անի / Մարալիկ,ք. Մարալիկի թիվ 1 մ/դ,23
Շիրակ,Անի / Մարալիկ,ք. Մարալիկի թիվ 2 մ/դ,6
Գեղարքունիք,Մարտունի / Մարտունի,ք. Մարտունու թիվ 1 հմ/դ,28
Գեղարքունիք,Մարտունի / Մարտունի,ք. Մարտունու թիվ 2 հմ/դ,64
Արմավիր,Արմավիր / Մեծամոր,ք. Մեծամորի թիվ 1 հմ/դ,73
Սյունիք,Մեղրի / Մեղրի,ք. Մեղրու թիվ 1 մ/դ,20
Սյունիք,Մեղրի / Մեղրի,ք. Մեղրու թիվ 2 մ/դ,8
Արագածոտն,Աշտարակ / Մուղնի,ք. Մուղնու Մ.Աշճյանի անվ. հ/դ,3
Տավուշ,Նոյեմբերյան / Նոյեմբերյան,ք. Նոյեմբերյանի թիվ 2 hմ/դ,32
Կոտայք,Նոր հաճըն / Նոր հաճըն,ք. Նոր Հաճնի թիվ 1 հմ/դ,46
Կոտայք,Նոր հաճըն / Նոր հաճըն,ք. Նոր Հաճնի թիվ 3 հմ/դ,20
Կոտայք,Նոր հաճըն / Նոր հաճըն,ք. Նոր Հաճնի Մեծն Մուրադի անվ. թիվ 4 հմ/դ,17
Լոռի,Ալավերդի / Շամլուղ,ք. Շամլուղի մ/դ,3
Կոտայք,Հրազդան / Չարենցավան,ք. Չարենցավանի ԱՀԿ Վազգեն Ա.-ի անվ. թիվ 3 հմ/դ,29
Կոտայք,Հրազդան / Չարենցավան,ք. Չարենցավանի Ե.Չարենցի անվ. թիվ 5 հմ/դ,35
Կոտայք,Հրազդան / Չարենցավան,ք. Չարենցավանի թիվ 6 հմ/դ,22
Կոտայք,Հրազդան / Չարենցավան,ք. Չարենցավանի Ս.Ավանյանի անվ. թիվ 4 հմ/դ,29
Վայոց Ձոր,Վայք / Ջերմուկ,ք. Ջերմուկի թիվ 3 մ/դ,4
Վայոց Ձոր,Վայք / Ջերմուկ,ք. Ջերմուկի կրթահամալիր,11
Վայոց Ձոր,Վայք / Ջերմուկ,ք. Ջերմուկի Մ. Գորկու անվան թիվ 1 հմ/դ,8
Սյունիք,Սիսիան / Սիսիան,ք. Սիսիանի թիվ 1 hմ/դ,12
Սյունիք,Սիսիան / Սիսիան,ք. Սիսիանի թիվ 2 hմ/դ,34
Սյունիք,Սիսիան / Սիսիան,ք. Սիսիանի թիվ 4 hմ/դ,22
Սյունիք,Սիսիան / Սիսիան,ք. Սիսիանի թիվ 5 hմ/դ,32
Լոռի,Սպիտակ / Սպիտակ,ք. Սպիտակի Ալ. Մյասնիկյանի անվ. թիվ 1 hմ/դ,21
Լոռի,Սպիտակ / Սպիտակ,ք. Սպիտակի Դ. Տեր-Սիմոնյանի անվ. թիվ 2 հմ/դ,24
Լոռի,Սպիտակ / Սպիտակ,ք. Սպիտակի թիվ 5 հմ/դ,4
Լոռի,Սպիտակ / Սպիտակ,ք. Սպիտակի թիվ 8 մ/դ,14
Լոռի,Սպիտակ / Սպիտակ,ք. Սպիտակի Շ․ Ազնավուրի անվ․ թիվ 3 հմ/դ,6
Լոռի,Սպիտակ / Սպիտակ,ք. Սպիտակի Վարդանանց թիվ 4 հմ/դ,8
Լոռի,Ստեփանավան / Ստեփանավան,ք. Ստեփանավանի Ստ.Շահումյանի անվ. թիվ 1 հմ/դ,21
Լոռի,Ստեփանավան / Ստեփանավան,ք. Ստեփանավանի Մ.Խորենացու անվ. թիվ 3 հմ/դ,10
Լոռի,Ստեփանավան / Ստեփանավան,ք. Ստեփանավանի Սուրբ Գրիգոր Լուսավորիչի անվ. թիվ 2 հմ/դ,20
Լոռի,Ստեփանավան / Ստեփանավան,ք. Ստեփանավանի Վ.Թեքեյանի անվ. թիվ 6 մ/դ,11
Գեղարքունիք,Սևան / Սևան,ք. Սևանի թիվ 4 հմ/դ,16
Գեղարքունիք,Սևան / Սևան,ք. Սևանի հ․ 5 մ/դ,4
Գեղարքունիք,Սևան / Սևան,ք. Սևանի հ․ 6 մ/դ,8
Գեղարքունիք,Սևան / Սևան,ք. Սևանի Մ.Մաշտոցի անվ. թիվ 1 հմ/դ,59
Գեղարքունիք,Սևան / Սևան,ք. Սևանի Յա. Զարոբյանի անվ. թիվ 2 հմ/դ,11
Գեղարքունիք,Սևան / Սևան,ք. Սևանի Վ.Կարապետյանի անվ. թիվ 3 հմ/դ,51
Արմավիր,Վաղարշապատ / Վաղարշապատ,ք. Վաղարշապատի «Գ.Լուսավորիչ» համալ.-ի մ/դ,2
Արմավիր,Վաղարշապատ / Վաղարշապատ,ք. Վաղարշապատի Գ.Նժդեհի անվ. թիվ 8 հմ/դ,14
Արմավիր,Վաղարշապատ / Վաղարշապատ,ք. Վաղարշապատի Ե.Օտյանի անվ. թիվ 7 հմ/դ,37
Արմավիր,Վաղարշապատ / Վաղարշապատ,ք. Վաղարշապատի Զ.Անդրանիկի անվ. թիվ 12 հմ/դ,63
Արմավիր,Վաղարշապատ / Վաղարշապատ,ք. Վաղարշապատի Խ.Աբովյանի անվ. թիվ 4 հմ/դ,53
Արմավիր,Վաղարշապատ / Վաղարշապատ,ք. Վաղարշապատի Հ.Հովհաննիսյանի անվ. թիվ 3 հմ/դ,46
Արմավիր,Վաղարշապատ / Վաղարշապատ,ք. Վաղարշապատի Մ.Ա.Ս. Էջմիածնի Էօրնեկեանի անվ. մ/դ,13
Արմավիր,Վաղարշապատ / Վաղարշապատ,ք. Վաղարշապատի Մ.Գորկու անվ. թիվ 5 ա/դ,1
Արմավիր,Վաղարշապատ / Վաղարշապատ,ք. Վաղարշապատի Մ.Մաշտոցի անվ. թիվ 1 հմ/դ,22
Արմավիր,Վաղարշապատ / Վաղարշապատ,ք. Վաղարշապատի Ներսիսյան թիվ 6 հմ/դ,33
Արմավիր,Վաղարշապատ / Վաղարշապատ,ք. Վաղարշապատի Ռ.Պատկանյանի անվ. թիվ 9 հմ/դ,39
Արմավիր,Վաղարշապատ / Վաղարշապատ,ք. Վաղարշապատի Վ.Ռշտունու անվ. թիվ 11 հմ/դ,21
Վայոց Ձոր,Վայք / Վայք,ք. Վայքի թիվ 2 հմ/դ,36
Լոռի,Վանաձոր / Վանաձոր,ք. Վանաձորի Պ.Սևակի անվ. թիվ 30 հմ/դ,48
Լոռի,Վանաձոր / Վանաձոր,ք. Վանաձորի Ա.Բակունցի անվ. N 7 հմ/դ,16
Լոռի,Վանաձոր / Վանաձոր,ք. Վանաձորի Ա.Խլղաթյանի անվ. թիվ 18 մ/դ,34
Լոռի,Վանաձոր / Վանաձոր,ք. Վանաձորի Ա.Մաթևոսյանի անվ. թիվ 8 հմ/դ,16
Լոռի,Վանաձոր / Վանաձոր,ք. Վանաձորի Ա.Պուշկինի անվ. թիվ 4 հմ/դ,49
Լոռի,Վանաձոր / Վանաձոր,ք. Վանաձորի ԱՀԿ Վազգեն 1-ին անվ. թիվ 1 հմ/դ,41
Լոռի,Վանաձոր / Վանաձոր,ք. Վանաձորի Ավ.Իսահակյանի անվ. թիվ 2 հմ/դ,15
Լոռի,Վանաձոր / Վանաձոր,ք. Վանաձորի Գ.Չաուշի անվ. թիվ 24 մ/դ,35
Լոռի,Վանաձոր / Վանաձոր,ք. Վանաձորի Գայի անվ. թիվ 21 հմ/դ,5
Լոռի,Վանաձոր / Վանաձոր,ք. Վանաձորի Դ.Վարուժանի անվ. թիվ 16 հմ/դ,25
Լոռի,Վանաձոր / Վանաձոր,ք. Վանաձորի Եղ. Չարենցի անվ. թիվ 12 հմ/դ,6
Լոռի,Վանաձոր / Վանաձոր,ք. Վանաձորի Խ.Աբովյանի անվ. թիվ 9 հմ/դ,8
Լոռի,Վանաձոր / Վանաձոր,ք. Վանաձորի Ծովակալ Իսակովի անվ. թիվ 23 հմ/դ,30
Լոռի,Վանաձոր / Վանաձոր,ք. Վանաձորի Հ.Թումանյանի անվ. թիվ 3 հմ/դ,40
Լոռի,Վանաձոր / Վանաձոր,ք. Վանաձորի Ղ.Ալիշանի անվ. թիվ 27 հմ/դ,38
Լոռի,Վանաձոր / Վանաձոր,ք. Վանաձորի Մ.Մաշտոցի անվ. թիվ 15 հմ/դ,24
Լոռի,Վանաձոր / Վանաձոր,ք. Վանաձորի Պաբլո Տիչինայի անվ. թիվ 20 հմ/դ,23
Լոռի,Վանաձոր / Վանաձոր,ք. Վանաձորի Ս.Զորյանի անվան №22 հ/դ,5
Լոռի,Վանաձոր / Վանաձոր,ք. Վանաձորի Ստ.Շահումյանի անվ. թիվ 6 հմ/դ,26
Լոռի,Վանաձոր / Վանաձոր,ք. Վանաձորի Վ.Համբարձումյանի անվ. թիվ 25 հմ/դ,22
Լոռի,Վանաձոր / Վանաձոր,ք. Վանաձորի ՎՊՀ հենակետային վարժարան,1
Լոռի,Վանաձոր / Վանաձոր,ք. Վանաձորի Վ․ Մելիքսեթյանի անվ․ թիվ 28 հմ/դ,34
Լոռի,Վանաձոր / Վանաձոր,ք. Վանաձորի Րաֆֆու անվ. թիվ 19 հմ/դ,20
Գեղարքունիք,Վարդենիս / Վարդենիս,ք. Վարդենիսի Էդ. Պողոսյանի անվ. թիվ 2 հմ/դ,41
Գեղարքունիք,Վարդենիս / Վարդենիս,ք. Վարդենիսի թիվ 3 հմ/դ,30
Գեղարքունիք,Վարդենիս / Վարդենիս,ք. Վարդենիսի թիվ 4 հմ/դ,9
Արարատ,Արարատ / Վեդի,ք. Վեդիի Գ. Մարգարյանի անվ. թիվ 1 հմ/դ,43
Արարատ,Արարատ / Վեդի,ք. Վեդիի թիվ 2 հմ/դ,41
Լոռի,Տաշիր / Տաշիր,ք. Տաշիրի Ա. Աղեկյանի անվ. թիվ 2 հմ/դ,39
Լոռի,Տաշիր / Տաշիր,ք. Տաշիրի թիվ 1 հմ/դ,15
Սյունիք,Քաջարան / Քաջարան,ք. Քաջարանի թիվ 1 մ/դ,15
Սյունիք,Քաջարան / Քաջարան,ք. Քաջարանի թիվ 2 մ/դ,16
Սյունիք,Քաջարան / Քաջարան,ք. Քաջարանի թիվ 5 մ/դ,3
Սյունիք,Քաջարան / Քաջարան,ք. Քաջարանի թիվ 6 հմ/դ,1
Երևան,Երևան / Ավան,ք․ Երևանի Զապել Եսայանի անվան հ. 180 հիմնական դպրոց ՊՈԱԿ,53
Արմավիր,Վաղարշապատ / Ֆերիկ,Ֆերիկի Ռզալիե Ռաշիդի Օզմանյանի անվան միջնակարգ դպրոց,3
